Astrocyte-activated	5992 169792 6263 84059 100874222 339789 6563 658 64344 2670 9413 56288 477 10335 85439 286183 5592 10418 2262 361 202151 57224 26207 8601 9844 151790 25891 7164 55016 10085 79611 57520 288 63976 2737 8671 25769 26027 80036 6457 51321 3983 23671 83733 79781 5803 26084 26289 6506 50859 117583 2139 57685 9771 3782 25834 108 80896 166647 105378763 50649 121601 64850 65975 10413 55619 23657 374977 445815 9745 79739 55553 10529 26051 79026 55604 84623 3691 8537 10840 216 84239 23150 6660 131096 5137 84133 57088 56776 23286 105375405 4642 1462 5334 2202 9586 101926964 323 100507524 89932 55790 11170 85445 83992 162282 4217 222256 347731 8871 8404 220963 57477 4257 122060 2823 57453 2138 10160 23205 101928989 4155 7368 818 9211 114 80725 9630 53919 2560 8633 1608 5168 120114 5596 56895 11141 7402 10580 55268 3490 22871 79152 57221 166614 79971 339541 152503 64168 29 4336 94121 25992 8522 8556 51555 51196 115123 5337 83700 9185 27115 219736 56963 27303 116931 112885 6900 960 23348 2770 57460 85440 9829 399715 26018 10768 677 4340 8502 2261 3707 729085 57475 284217 9625 57619 342035 65983 5046 10984 9369 4897 1124 9705 387486 158471 27345 83439 3371 9717 1272 79953 5010 1902 10396 10485 6091 401474 1363 3709 2247 83641 1021 2697 79627 94097 254295 1612 5435 196047 80243 57698 127138867 57554 5276 274 23092 10718 32 8412 283547 54899 285441 8708 54886 84441 6558 5396 123041 51148 51129 481 118611 5136 5129 50509 5860 1191 6934 10351 2346 1496 23576 57451 84532 114805 101927459 222223 51090 57514 1002 54443 63895 64399 6096 4916 6579 1809 23287 56650 30011 83999 100874047 10231 23418 10461 23382 9926 143872 114784 1806 79940 604 91653 9258 55785 56062 158135 84168 23022
Astrocyte-quiescent	100874222 202151 10335 658 7164 2737 63976 8601 6563 339789 57224 5992 85439 64850 10418 83478 25891 9630 53919 91768 477 169792 64344 285441 79611 50509 10461 89932 6263 57619 8671 100874047 10840 26084 148198 23205 23657 286183 84059 2139 10413 2138 83733 9844 361 57685 60495 105378763 65975 56171 57453 100507524 6096 56288 5803 57381 9413 196047 112885 101926964 54762 2261 55604 288 57088 84239 2697 80036 10451 4257 79781 6457 27115 57520 2202 25769 219736 84133 55553 26027 166647 1956 23671 105375405 26289 10085 4163 2262 9211 80896 28232 5596 9771 5592 55619 3782 116135 100499467 79971 2555 50859 221074 25834 117583 374977 51321 57514 10485 79940 445815 11170 124906016 222256 1608 55016 121601 5125 8556 9760 23286 84532 79632 85004 26207 1363 84623 6506 5137 2247 79739 57480 55785 3983 94097 783 8708 6565 55268 23576 84952 2565 26051 55790 56895 9745 818 4217 55885 22871 348094 80243 27303 23150 216 4853 116931 10160 10611 440503 32 108 5270 23022 6446 8412 23305 170691 23024 50649 6934 55366 347731 56994 2560 4651 2905 8502 2152 10768 4642 221938 57451 7042 85440 4155 79953 11141 339479 101927111 85445 6385 221687 51760 482 23418 57698 6660 64759 1806 8613 10529 1946 8404 3490 6383 84249 56776 23114 83992 11278 131096 222553 8522 26018 65983 114805 100506885 171425 285505 3709 8871 80725 4916 64168 57460 2752 6640 8537 23768 4281 285220 162282 143872 120114 1191 7049 2736 4897 6538 11197 54898 4983 27333 463 8829 5990 81563 5362 1471 2746 5168 339541 93145 166614 23090 148 10231 1124 85379 9658 27345 7402 22836 144100 5159 57477 342035 3707 5352 444 7088 27152 10217 23382 7430 220323 9185 1002 9586 7099 5337 401474 23092 729085 5140 375449 604 351 4336 2823
Ex-Neuron-ADARB2-ERBB4	11255 2741 8516 27092 55612 645369 84465 338645 30010 103695433 65217 2571 55959 79750 3488 375612 10882 121551 286 22854 4661 375567 27328 256130 124925 56934 102467147 7010 10203 127833 10242 102724058 22986 7143 402117 6332 10178 6323 9718 91752 1286 81615 9423 54212 129684 204962 53826 115827 23544 1826 2917 3751 5067 90161 57482 101927293 9699 100144602 6328 222008 114786 23057 51617 100048912 5332 7837 9037 55022 341880 57604 4325 57419 2899 23414 79722 2044 10579 2898 64901 25849 3760 157627 105 91584 3354 84530 64093 6014 114788 4978 92369 55515 348980 6326 1016 220 27091 2890 85300 5793 407738 1301 22865 79658 56243 1630 81578 9331 6585 26166 2257 2895 55061 554226 389634 57689 152330 105378311 57512 60312 11069 64409 3667 57699 3556 1285 64131 57468 55103 1804 2259 161357 10369 283417 773 57282 776 8224 56853 238 55531 57633 478 1012 50515 2904 84502 283455 5063 80059 8470 4810 145581 90632 80731 57863 221981 129804 6546 440279 5066 401145 7378 11122 64388 84679 641 23072 222553 22997 1600 27344 401190 6547 2915 1515 285513 3785 7991 64478 53358 2906 6854 222183 5099 57528 23426 9568 10409 100505996 56341 4133 22871 26047 3745 339479 1641 90362 285175 27133 90293 157807 117247 140767 30820 2786 5218 10194 147463 11278 10129 22885 5937 144423 7222 23732 728215 114134 116328 2977 168507 2902 23040 83851 163404 2897 2566 285671 9672 123041 338811 55728 8618 114818 152110 5126 273 114805 51761 3746 6256 84969 22999 9892 10003 139065 146754 26033 27303 4675 146395 114784 54331 84966 5799 23359 1996 146713 64061 1956 730091 23254 51196 57502 55083 23504 107 23089 55384 4842 285533 4753 257194 53942 83938 114 10188 164045 6869 8715 155185 254559 57569 22873 220164 6616
Ex-Neuron-CBLN2-NRGN	282996 105369860 283867 124901604 8647 8912 160728 2078 7294 53904 105369302 2888 80309 255631 5172 400359 9956 64377 27019 154790 199920 255119 64919 1428 400224 57687 326624 1004 64388 389421 57194 55959 84830 101928376 109729133 256536 63982 101927531 2918 147372 93109 105369438 245973 25859 1807 84870 10125 6586 147381 9615 2250 64405 54777 11075 106614088 55079 1290 9840 105376121 3084 146760 9478 57495 285154 219578 100132891 146177 79805 23026 84969 6752 128434 51454 341350 2899 6330 8503 130367 7006 105375387 285735 101928114 758 342667 79875 102724623 4741 359822 5646 2556 644150 3780 23359 112937 90134 3781 80144 402381 10368 4900 343990 151126 348980 59283 2674 283078 1268 1996 6775 284656 3360 127833 407738 5582 548596 57624 6014 5121 107986980 114569 7399 653316 114818 5801 442213 9456 29906 148 40 148641 136227 123872 101928765 2914 101926971 389197 6092 2051 9568 57569 8829 440823 55061 54847 10082 118427 140767 81849 79705 148753 9201 91683 9348 478 400765 112268208 119 2558 115827 9312 9228 2596 152110 105377180 7223 9746 9645 25791 5141 57604 815 4293 127602 9079 55244 284 5799 157574 10815 116443 5800 3763 79589 22854 84530 285513 105374338 7447 5063 651746 55530 10417 6585 50944 145447 91461 83593 5627 2890 168667 9066 83394 144165 51059 23314 26038 4008 554226 65055 157627 9389 4753 3745 57282 220441 222183 2898 9899 23108 440073 9515 50614 2562 283310 152330 337876 283455 84871 145773 9148 4948 2903 10446 83857 284424 222865 55512 3708 84182 129684 1641 2892 51678 64409 84966 10814 27255 51305 114884 342184 200373 55384 101927189 5067 22941 160851 51334 84940 80210 2044 83482 285220 401145
Ex-Neuron-DLC1-HS3ST4	9951 27328 9723 2899 118427 400765 93986 92949 64084 171024 101927189 2567 146713 2044 343990 10371 6456 5801 9899 9478 80144 6586 56853 151126 56243 29951 84530 10178 22986 5126 2561 53335 4753 107 9568 222183 114884 3084 8470 40 23108 777 26038 79772 1131 3763 1016 815 9758 57144 9615 23072 2890 9228 57604 25791 168667 283455 9066 9871 5063 338645 774 9201 348980 25758 6585 23040 2904 57512 138046 23057 57282 114786 220164 129684 54769 2977 144165 4325 3760 3745 7447 6854 6326 9912 1602 23426 5332 148979 6263 729993 337876 10409 79815 440823 93664 3708 26220 100132891 119 22895 81832 2915 10368 51422 2902 23314 55530 22941 22843 2562 84966 11069 54549 60680 3355 64409 10486 101927554 114818 554226 273 2690 9722 651746 2045 9079 5799 9699 401190 6546 54798 83851 116328 64919 3354 1826 28316 202559 51761 9645 6328 23213 23105 6334 2257 54847 79698 3899 129049 27445 154661 57497 124904288 6616 10777 145581 11122 8618 6092 105373390 1759 105369438 148641 1946 79750 57616 65268 7991 27133 773 342184 22866 4884 79703 23544 2892 5577 23504 1607 56479 387597 344558 158038 54212 776 653316 4008 8745 9515 59350 161357 55061 101929544 57731 10458 401145 59283 130733 816 10369 2566 23732 340533 285175 26507 257019 9890 2903 23414 29906 3382 55752 10446 22999 56704 6857 79937 785 1004 23327 26033 57338 9980 83643 644150 101928840 26040 4628 1996 26034 23670 25924 23194 9312 2554 1608 491 132204 10125 87 57732 5575 23230 541471 222553 54511 5125 5592 54566 79668 23217 23228 55799 6262 283131 80005 56917 101928114 57496 3752 7143 51059 10656 758 814 166336 55800 1612 5141 6543 1123 6812 1793 157627 2259 221935 4133 5579 344148 9265 84448 53358
Ex-Neuron-L2-3-CBLN2-LINC02306-CUX2	23316 147381 343990 1007 9840 9348 101927189 285780 101927554 56934 81849 1010 146713 6586 400765 5126 1131 23266 2911 23105 9628 815 284930 64409 6456 9568 9899 9478 118427 7447 4753 442117 5800 158038 8224 26220 114815 3354 222183 10368 26038 84530 1016 2561 40 9079 2043 136227 1607 121256 9228 145581 407738 283455 5063 2890 777 2904 25758 348980 91584 79815 653316 23314 57282 774 5801 9758 79772 23504 6854 9201 8470 56479 144165 23040 359822 266722 138046 23072 3708 3763 10242 124902439 84708 3760 554226 2977 273 3745 6326 129684 107 2562 81832 2902 23544 151126 148641 337876 11113 63982 729993 105373390 79698 57497 64405 8507 2915 56243 22941 57528 83851 285220 3781 2903 23057 2566 6323 3751 4325 87 84448 114134 22866 60680 114818 220164 3747 3912 5067 2185 202559 9699 84539 9645 5799 644150 25791 23025 4121 51761 1826 146760 1759 91752 9066 2257 5577 6546 1012 154661 54212 6616 152110 152330 3899 7143 4745 26033 55638 51454 338811 814 55061 11069 57495 6334 56853 6328 10777 9515 3382 773 344148 8825 8745 2892 114786 440823 9353 400456 8618 401145 776 9912 120114 54847 3756 9456 10409 84502 23732 6585 5066 80210 119 1793 9312 90134 374378 3680 23180 161357 8936 83643 27445 101927636 285175 1730 2917 6857 65268 440279 129049 22843 54566 651746 3752 6092 93664 29906 6812 2774 400954 53358 57496 102723370 23768 1612 5362 57512 80005 137970 145773 57731 6645 23327 816 8001 134829 23194 283131 84966 66000 339263 57144 4208 57134 401190 4628 83698 90632 54438 2596 25859 114788 2557 9892 51422 22986 491 124359 8514 56704 23230 55799 57795 57118 10486 25992 5579 146664 6262 157627 55809 1946 9615
Ex-Neuron-L3-5-RORB-PLCH1	105369302 23316 131034 29953 3084 256536 22854 6014 1290 107986980 118427 9312 56934 440279 27133 90134 79698 100132891 81849 9478 147381 151126 64084 11122 1131 348980 114818 64409 2567 63982 9628 132204 101927554 53942 6456 343990 102546299 137970 9568 57624 23266 442117 11281 158038 219578 51334 146713 79740 815 22895 4753 26038 204962 2561 136227 84530 407738 114800 79705 9348 3763 222183 3747 23007 23072 9899 1016 6096 2043 145581 5063 152330 9228 6854 9079 121256 101929544 105373390 774 342184 196475 93664 23359 9758 9201 23040 56479 40 138046 23057 400765 25758 266722 5067 6326 57512 2904 22837 90632 101927891 440823 23314 57282 8470 3760 283455 25849 127602 2977 57144 80144 3355 56853 2562 1630 101927587 129684 2596 146664 101928114 729993 22941 91584 2902 114134 5126 359822 2915 87 101927189 654502 337876 151258 7224 83988 23108 55061 114884 2903 154661 144165 6323 3745 2566 1006 83851 101927636 114786 3382 84708 63876 114815 7143 22866 23504 54212 1012 442213 202559 9066 200373 5915 107 9353 9699 57528 57495 1826 119 5799 6328 3751 168667 1946 51761 9645 84448 7447 338811 1996 56341 2257 6585 285780 23024 10409 773 120114 79703 27445 10242 101927531 343450 11113 55638 10777 148641 26220 23105 10349 4325 26033 145773 80210 644150 64405 3756 60680 273 9515 8618 25924 6616 2917 92558 6334 83643 339479 65268 10368 5874 1008 11069 554226 401145 9912 161357 171024 1607 152110 8224 1759 1612 414764 22999 115827 253782 56950 25834 23194 3908 777 8745 9456 3899 1768 785 102723370 776 6857 23025 57496 26031 143098 4208 4628 1793 2892 285220 9856 5800 2554 10082 11075 57670 23768 134829 491 3708 57731 103695433 124904288 81832 5575 6092 101929238 79668 25827 6812
Ex-Neuron-L4-5-RORB-IL1RAPL2	26280 3355 131034 93986 23105 9312 59350 118427 3084 151126 79698 64084 146713 2567 6456 11122 81849 3747 9956 9478 63982 64409 9899 114800 84530 101927189 400765 348980 53942 56853 2561 79705 1131 102546299 11281 9568 4753 137970 23266 343990 23359 2043 6585 7447 6854 26038 23072 29953 204962 114818 128553 442213 222183 6096 57495 114815 337876 9228 9079 9758 2566 144165 145581 440279 23314 9645 2890 102724623 57282 57512 9201 56479 23040 342184 815 9066 25758 138046 1016 23057 774 6326 1996 119 3760 1768 4325 5063 283455 2904 124904288 10409 100132891 3745 23108 57624 57144 53335 5126 359822 90632 2562 5874 154661 152330 40 6328 101929544 26220 729993 101927554 83988 83643 168667 2915 26034 273 148641 83851 125488 2902 8825 2903 81832 23504 11069 284930 440823 91584 93664 3708 105373390 22866 22941 136227 202559 129684 54212 5801 5205 56884 9699 129049 3382 114134 63876 285780 1826 114786 79772 3763 60680 2596 158038 2257 90134 7143 51761 1946 23024 6616 9951 9912 23426 6546 27445 5915 1759 9856 5799 6334 338811 1993 773 57497 10777 3899 5067 84448 27133 51334 8224 10486 120114 25924 1008 1006 3354 26033 9515 65268 92558 3756 401145 101927587 6812 776 6323 161357 401134 51422 285175 79815 1793 8618 785 651746 157627 57670 127602 2917 84502 6999 23732 55638 554226 2554 80005 101928114 3785 23194 79703 10873 79668 9348 344148 8470 57731 200373 57496 22999 4121 11113 23327 6857 57559 441094 84708 171024 4208 777 65055 2743 84620 25849 23333 10369 3752 814 4628 5575 114884 54566 59283 4948 8745 4745 26040 491 9628 145773 23230 9760 2892 6638 6547 10656 140767 146664 80210 3751 6262 10368 22895 2911 7068 4900 1620 114788
Ex-Neuron-L6-THEMIS-NFIA	147381 343990 4745 1010 219578 400765 2911 151126 64084 9478 6456 3084 59350 56934 146713 9899 101927554 23266 6014 5126 1131 29951 6585 57495 91584 815 7447 81832 64409 23314 26038 3354 4753 56853 387357 2567 10368 9568 348980 222183 2890 5800 11281 114818 84530 5801 359822 9645 26220 57497 8224 152330 729993 79772 25758 2561 101927189 343450 84708 2904 777 23072 119 273 105373390 9228 6586 57282 3708 4325 283455 23057 337876 144165 774 121256 9201 23108 9066 6854 9758 285780 56938 56479 2902 138046 6326 145581 3745 8470 2977 5063 114800 23040 7224 220164 83643 23105 84966 2562 146760 11122 131034 60680 148641 118427 1607 55714 2043 10409 9912 284930 40 1007 9079 651746 1602 5577 23025 168667 266722 90134 22941 1016 9508 342184 57144 3760 101927531 440823 653316 137970 9456 22843 57528 25791 93664 134829 137868 400456 3382 2915 83851 107 1759 1310 11113 114134 65268 2596 2903 53358 6328 87 11069 2566 2045 114786 55638 55530 79703 51422 202559 401190 55711 22866 171024 442117 2185 6616 5799 84448 25992 554226 1946 154661 54212 1826 8507 9699 55061 3747 91752 51761 10873 6645 776 23504 6334 84502 3899 105374338 54566 84539 125488 10777 374860 29906 2257 79623 27445 54438 10369 157627 10486 23544 158038 84102 8618 23732 26033 81849 9840 6546 54331 1768 6323 9956 54847 130733 1008 79815 8927 816 285175 7143 27255 129049 145773 8936 8745 59283 23327 92558 5575 63982 9515 6812 152110 9722 65055 23024 4628 401145 26011 3355 57731 260425 253782 3751 8514 124359 161357 145173 80210 79668 55752 64283 25827 101927151 23180 814 57134 785 9628 23194 862 344558 57795 6857 5362 2044 26040 57496 22999 3752 23670 101927286 23230 11075 136227
In-Neuron-ADARB2-GRM7	132204 442117 1131 116328 121551 101928840 57419 79750 554226 91584 64409 23040 152330 402117 84530 343450 91752 204962 2567 90134 2561 158038 5796 3760 9568 23426 5126 9758 2904 9201 5063 774 2890 2571 54212 1826 10242 80005 23544 3909 6638 221981 6092 4810 40 23057 9699 2257 401145 146713 3747 57497 5799 118427 57604 56853 6326 6002 2917 103695433 90632 776 157807 129684 57482 51761 375567 286 57624 22843 83851 57282 114134 11113 130132 9515 5139 348980 118611 221935 200150 6854 2742 2259 22986 161357 23500 23194 4978 266722 4212 55714 2562 9628 11174 83988 25758 114800 773 1793 344758 64901 283455 2913 53942 8618 101928469 2549 794 777 114786 23504 1600 9912 6857 114788 341880 25924 23327 1607 154661 26040 9331 222183 2774 2898 5066 27445 1268 27328 3479 4133 55384 1008 3745 30820 83698 53826 100874369 1287 84959 6507 22999 220164 1956 9750 81578 814 2902 8224 8537 105 55061 3751 147 3899 956 5332 6328 152110 23120 5596 23328 55107 5305 7991 115827 9228 202559 84466 60312 338811 26033 5629 2289 54558 57512 29906 26038 23732 147463 25849 9229 157627 56479 2554 23150 11069 57477 440823 101927531 5915 4208 5791 783 55799 2903 2566 145581 5318 5800 60680 10123 6000 127602 65055 7068 2906 80206 57451 22941 9312 79822 85300 6581 57580 3696 2934 57731 23236 6616 10369 400456 9892 219654 23359 27255 9771 2560 862 388336 7091 56243 56884 22936 1806 4336 55711 23072 2044 9586 55182 124925 114795 4916 6547 4745 286046 340533 256435 4643 51196 148641 65983 3786 54477 260425 84871 6334 1902 55074 5168 375323 7368 222553 114818 54331 130576 285175 51363 2263 10150 1016 4340 400954 387486 285220 64478 26059 85004 3354 4753 22839 79152 85449 1515 163404 137868 8821 201266 66000
In-Neuron-ADARB2-IL1RAPL2-CSCL14	56884 132204 442117 53942 1268 146713 554226 79750 9547 1131 158038 116984 116328 115827 23040 1139 57624 56853 2561 3747 23426 2567 3760 101928840 729993 2890 774 84530 51334 2904 9568 9758 40 5126 23057 22986 2897 1607 348980 5063 26280 64409 9699 9312 4810 6638 337876 23504 343450 2572 1826 114786 2257 204962 2549 54212 6092 25758 114800 22941 9228 6002 6854 30820 57282 145581 401145 5800 51761 9201 121551 5799 57482 6326 776 2562 8224 56479 341880 285220 80731 9515 80005 3751 22895 151126 220164 152330 2571 1956 1993 27445 2259 3752 9750 200150 222183 283455 8618 777 114788 54549 55022 2898 1600 2774 114134 63876 8821 4774 375567 55061 6328 344558 26038 153328 10369 64901 400456 23544 11069 3786 57512 60680 100874369 814 6857 5305 4133 2334 55384 3479 5332 2554 22999 2045 388336 85004 65055 105 83851 2902 2044 9229 90134 9890 23327 1007 114818 81831 157627 54874 66000 7068 84102 3763 23236 55074 116443 84959 100507421 154661 2566 340533 23732 57604 1039 1010 338645 127602 148 22881 85300 79822 152110 59269 4861 956 10150 401190 25849 221935 6547 1641 8395 23239 81578 79698 56341 84502 56675 140733 81796 101929563 128553 163404 84443 27303 2557 51617 9734 147 222008 80852 5649 54331 7026 2258 64919 2742 3355 130576 441061 105376541 9671 2906 9718 100129620 9378 10123 7857 57574 8503 286 55691 885 1303 285954 4948 11174 26047 79722 6332 54550 794 26960 3738 1129 285878 374860 64579 23254 2786 392617 5318 94122 283514 645369 6258 2066 9369 5101 9215 153768 59277 222962 6925 55799 1793 221981 10814 57688 8997 114793 80031 57419 91133 478 260425 60312 55714 83988 158326 23467 161502 5797 5521 26220 2917 286046 1739 7082 201134 5796 22843 84448
In-Neuron-ADARB2-LAMP5-NRG1	30010 2572 2258 80309 23026 22987 442213 3815 2897 116443 11249 84969 440279 2070 22854 57624 22895 84959 56884 5318 6869 338645 375567 64919 30820 115827 238 137868 3747 11122 79750 2571 8395 56675 79698 146713 121256 57482 341880 2561 2567 100505996 6854 23504 114786 6323 2890 56853 9568 137970 348980 2904 158038 23426 554226 57512 23057 23266 1956 55022 220164 23040 90362 5063 3760 64409 79772 53942 1607 2786 84530 81832 344558 79722 80852 114134 57144 2915 55243 10368 114800 153768 63876 8224 774 2044 116328 4810 11069 100996492 84620 5800 5787 222183 57282 758 90632 57528 2902 7143 2562 157627 2042 6638 27133 10486 7222 80310 283455 6546 9758 3382 729993 286 9699 337876 342184 2257 773 956 51761 273 4920 2903 129684 22941 5799 6326 5142 114818 57574 65217 124904288 10178 23024 125488 3354 105376541 161357 339788 55061 5796 26038 53826 401190 1284 26033 25758 8618 2549 60680 9515 158326 6616 401145 9201 57484 10129 22999 285195 83851 26011 253782 55809 5126 138046 3899 57419 85004 1826 374378 3479 25834 56937 3781 3084 3763 9760 1993 345557 27445 777 9455 5937 3752 101928840 55530 23228 4208 25924 340533 8503 114788 50515 9912 776 55118 285175 222256 222553 23025 8825 8527 2774 134829 2259 10369 55966 101927531 114880 27303 785 3786 116984 2557 117177 1600 9881 23327 26031 151126 51059 9750 1793 23732 90134 1759 5156 59283 23768 57795 6857 90627 54874 26220 29906 10873 80731 114795 343450 2898 4094 26040 8622 101929423 56341 2554 80005 84570 27324 5218 10446 9882 4133 286410 6334 101927289 441094 5923 22881 3756 9462 55816 4363 7068 57188 9890 157 51678 5334 161502 8708 152330 401491 57731 6092 9892 119 5793 166336 1641 1012 158219 1996 130132 4254 163404 1404 55384 26059 55531 30811 2334
In-Neuron-ADARB2-NRG1-RELN	2258 30010 2897 56884 137868 23026 442213 2572 11122 57624 23426 79750 53942 158038 3747 146713 137970 115827 79698 22895 554226 30820 116443 22987 9568 114786 23504 2561 238 5649 2903 56853 158326 116328 114800 84969 101927531 2259 64919 51334 1600 80144 339788 2898 80309 9547 105 80310 3815 654 79722 11249 80731 80852 7222 79625 23254 27324 23040 758 774 2890 3084 121256 55243 3479 8395 1956 6854 51761 25834 2571 341880 2334 2567 79772 2915 8224 105376541 1607 375567 401145 140733 114788 84570 130576 337876 57574 2904 90632 5797 65217 27303 6000 348980 2893 22999 220164 442117 6092 374860 55022 153768 26047 57528 1131 56675 23266 114795 5126 84959 63876 6529 27445 26280 121551 2906 2918 3760 8708 101928840 2066 9229 148 81832 57144 8821 26038 9699 5800 57512 23236 729993 5101 2786 777 6638 51678 343450 23057 2257 9758 6857 5063 5218 64409 11069 57482 5579 54715 3909 116984 10129 25924 222183 344558 4810 8503 84530 286 157 129684 5318 2902 84443 22941 283131 2774 26137 60680 2070 1139 5521 2562 10123 54874 90362 2131 153328 773 1268 7143 9515 8618 6546 285220 6323 90134 9734 2549 55013 401190 23239 22852 145173 59269 55061 127602 56479 2195 221692 222553 2554 9312 1290 4208 114134 26059 10150 5796 2044 956 23768 338645 2824 5142 10368 7857 6326 23024 5799 285195 344148 2045 440279 101927289 152330 2891 100507421 9732 59283 4948 5305 1793 781 204962 4774 3786 10369 253782 28996 374378 1795 22986 260425 100505996 2557 64901 389634 124904288 26011 9060 4482 56341 23362 9890 27133 6002 157627 55691 80005 56937 200150 5747 7068 23327 3763 5581 23732 9448 57282 55384 92737 7082 57554 222008 6869 100129620 116987 1739 23189 5334 1993 53826 776 4756 4430 57580
In-Neuron-DPP10-MEF2C	345557 286 102724058 3355 23026 375567 442213 56884 2258 375612 79750 51454 91752 728577 57624 767 2567 10178 3747 2897 344758 389432 348980 64919 642345 53942 238 91584 137970 3763 2890 121551 23266 57604 79937 23504 221935 4810 151647 114 338645 6261 1303 112268276 152330 121256 221981 23426 219578 4430 255743 118427 2561 3746 2904 9228 9758 83988 6638 6323 90134 149297 57482 57282 57419 114786 23544 1306 83857 6854 22941 1607 3760 10369 442117 1010 129684 130271 2044 63876 84969 26031 22843 1284 860 116443 7223 55061 83698 84448 22837 2690 338811 114884 26050 6840 157627 81578 55816 256021 23428 90362 105369438 30811 6547 55107 2334 5066 5937 146395 92558 2257 30010 26468 25849 2786 441061 2571 3899 2982 27445 8618 3756 26011 51617 1993 26040 161357 90161 161502 4208 2554 1004 440073 1641 101927531 10815 94122 79974 93663 105378858 1600 4311 9956 2906 222008 478 129804 57574 1282 341880 6710 84435 130576 7903 4985 2893 9229 154790 79827 283514 9957 79616 341350 6581 90102 54715 285878 22844 11096 124925 3672 222663 7857 3790 2563 9196 101928944 10882 654790 57628 392617 170302 5816 101928616 64579 100507206 1289 400224 3601 100874221 5100 5979 64094 5744 27124 2066 79772 56479 10873 2774 101929563 107 92293 58512 9718 222183 55118 55711 116328 11075 26047 114880 401190 84959 80852 200150 342184 4241 26507 9645 27324 55531 11245 5799 83851 60495 135152 26960 57582 23040 5865 577 2915 773 27303 55966 114784 114788 146760 114795 1301 56853 51761 1007 10486 57526 26033 114800 9760 10368 81831 57528 2835 344558 286046 6095 7074 84530 8224 256130 90632 23245 6857 10867 776 2892 23057 285533 55959 57689 729993 8708 100505996 23105 2898 10242 5142 114793 4254 11069 9732 22839
In-Neuron-PRKG1-TBC1D4	30010 121551 286 102724058 79750 2572 23026 3747 442213 375567 389432 7223 91752 79698 2899 2567 4645 348980 84530 56243 2571 345557 10178 2561 23426 4810 91584 1993 6854 64409 116984 204962 222183 2890 6638 9228 9353 10242 114786 55083 9568 114884 23040 137970 729993 101929563 728577 6323 57282 2904 151126 55714 9348 53942 115827 40 56853 79937 23057 860 9201 3760 23504 342184 7224 5066 55711 341880 2915 2774 26031 83988 774 90134 26038 3751 2257 283455 152330 114 1007 338811 28316 5063 129684 145581 107 9758 23266 220164 5799 51761 27445 157627 202559 8470 6326 773 9699 10369 139818 8618 26033 161502 2258 4325 11069 149297 54212 3763 83851 23359 344148 170691 344558 7903 23194 221935 146713 57144 10815 80852 781 3746 79772 5468 401145 80005 5172 55553 1793 2334 6857 9515 440823 9645 6547 4985 161357 1759 776 3382 137868 23213 7447 57528 441061 56479 22843 785 1641 285220 266722 26040 57569 130733 4208 152110 8395 9882 9208 10349 23072 154661 340419 63876 60312 9881 1016 6456 64919 10873 29906 22941 130132 10891 114818 6489 4978 5592 105369438 4212 23242 4430 283514 9265 4784 10867 5796 2035 2259 51059 2892 118611 2897 57616 134829 54847 92558 478 25924 57451 79776 148641 6616 6334 84466 55809 129804 491 57731 57582 30811 114134 4781 273 9912 2690 7804 84871 2045 104 3756 4133 11278 66000 92293 55384 1996 2557 285175 65268 57482 25758 339192 2902 9254 401190 3899 114880 84959 1600 6262 80206 253782 27303 2562 402117 5915 2906 639 238 3696 23143 3790 2554 84448 2898 9497 26059 114788 119 90632 2913 7991 5140 4628 10486 222553 9462 2566 26468 80144 55118 285533 23500 9229 131096 23428 22999 27324 9892 100874369 158219 8224 2289 54874
In-Neuron-TRHDE-RALYL	30010 132204 2897 2899 116443 56243 114786 1007 23426 2890 27328 55083 3747 23040 10178 56853 81849 115827 81832 23266 28316 1131 10242 23007 388336 2904 29953 116984 6638 1993 6854 9699 9758 55714 9201 375612 9312 286 774 79750 146713 5799 6092 103695433 348980 80005 2571 10082 2257 2572 138046 2915 8618 27445 57616 6546 401145 9228 204962 6857 57282 1793 57528 773 5066 344148 4784 4781 8470 53335 2913 79623 9568 5063 65217 26033 26038 4212 54212 10368 2911 2892 22895 5801 51761 130132 23242 283455 222183 161357 4774 2322 9515 57580 30820 23194 5074 257019 2259 389432 101929563 4978 3763 83851 114 152330 6326 2898 118611 6262 2902 145581 57451 25834 5305 6616 201266 862 54847 57144 79971 26040 9628 442213 776 11069 57482 79698 1612 10369 1012 55553 23057 5334 1600 84959 114134 4133 84570 84898 83857 60680 84871 9229 785 90632 57419 83988 154661 55619 27303 283131 53942 151126 114818 2903 135138 114884 7447 63971 55384 101929238 81831 55799 8395 4810 1006 100874369 554226 55074 25924 3745 101928840 6272 285175 441061 2045 5800 253782 6547 23236 144165 3738 140767 7068 22999 23359 7804 54715 100507421 3786 56884 3382 26468 10349 758 340533 57574 64901 157627 401190 1759 57731 90362 5793 440279 728215 3751 2567 1310 9750 55530 5797 6304 137970 2557 64478 220164 9749 5178 9265 129049 124904288 2596 400456 9881 57569 59277 2895 642924 4861 5865 11122 60312 140733 1005 80852 30811 1129 105369438 4094 283514 392617 1641 26137 57687 7223 340419 27324 6335 27092 3672 26507 29091 100505797 64919 80144 9732 79827 79722 64754 79822 10150 2786 55691 56675 9254 23239 128434 7225 2824 285513 23446 2051 7074 26047 639 2906 84969 1804 83259 3776 105376541 5468 55914 3479
Microglia-activated	54518 10863 81704 2533 11309 5788 3635 1436 6850 55843 6916 79651 54502 27143 1794 79895 718 2313 6672 10320 100506403 7097 9450 29760 57705 23533 4067 8635 10257 54947 4684 64805 7048 79890 105378305 22898 647135 6480 92241 2894 313 221472 3059 9938 10161 4542 240 116154 3071 1438 8476 105378425 6518 972 4773 1536 80216 10184 2 79966 3606 79974 1441 963 25854 83478 118788 4137 11213 54796 8935 22998 953 259232 5336 83938 6556 79705 50863 942 80008 7046 23242 22797 6711 3597 2775 55068 64231 84251 9951 161725 4261 2824 23321 7903 1508 114792 3055 4685 6695 1501 28316 2534 9472 27185 23114 23191 3428 11214 23348 93986 26034 139818 4857 6503 5521 84978 9829 55607 107985194 4094 401134 8633 64092 23705 55534 51555 323 8499 7409 653464 57221 5321 57453 347689 9053 399959 64744 84966 6001 677 23143 9832 395 5087 9766 781 56899 344558 59345 54625 54504 6239 64759 5796 139716 100874074 23194 8440 23245 114088 3459 50515 9863 3784 1730 8777 23284 9781 7226 288 4033 11320 619279 120 1075 6261 57520 7096 860 100379661 152404 28232 2913 79739 3687 6546 4781 129642 85477 4481 6303 23328 56659 5452 55084 57568 3977 220965 10461 27347 7133 5583 26509 6457 713 84457 26289 342184 23671 9497 25769 1756 152503 4915 10395 113 23765 80183 79365 11031 3937 374655 7805 9915 8832 2891 1795 158471 23380 60468 121601 55589 2120 221061 159195 4208 23239 55320 8569 130132 10085 1524 4045 91404 10098 2263 463 54491 54436 3684 64581 50859 5137 285513 4756 81619 57162 642776 9771 58475 79745 29 10346 154215 26052 64115 6091 7082 4212 112616 23127 55356 51704 160335 84976 55803 91010 10079 340554 22871 5789 118611 116987 1995 84433 23189 344595 162 27436 645323 2066 57689 2889 79776 23500
Microglia-quiescent	81704 54518 4684 6916 2894 3635 8476 2533 11309 116154 55843 23321 2824 4137 79966 259232 22998 161725 6711 399959 55068 9472 2775 23705 10863 83938 4685 100506403 50863 23242 114792 6480 84251 1501 6695 9053 28316 5521 79895 2534 83478 56899 84978 27143 9829 7082 23114 323 23348 55607 51555 347689 5788 1795 23245 781 4857 26052 79651 1794 8633 8499 22982 4756 57221 10396 5796 23095 57690 57453 114088 9832 1436 120 9863 105378305 5087 116987 54502 1756 23239 152404 718 4646 23284 25769 6850 23194 6672 9781 288 57520 2913 8777 79739 159195 351 158471 619279 10098 89796 4781 4045 2891 28232 122060 23328 129642 154215 152503 313 55084 3977 10395 23671 84457 6457 6091 27347 26289 220965 2313 4915 647135 10085 57553 57554 160335 60468 23243 1793 577 5789 9915 642776 79745 50859 22871 4784 2263 5137 121601 105378425 4601 221061 5567 9771 130132 2066 253559 4212 4542 287 100505894 5602 116984 2530 8635 23127 344595 50515 8502 57689 55356 118611 4067 10079 23446 445815 6095 91404 10184 51704 23362 84909 23254 23189 10257 27185 63971 1995 84623 83700 64067 79776 10320 645323 23762 57460 84466 3800 340554 26051 23500 9745 9450 10690 23051 9369 23043 54806 54899 10314 54463 4300 4660 9625 6529 347731 56957 22898 100874074 23533 3696 158405 23187 11183 23543 6546 5435 53353 57556 9951 79789 84333 55605 22905 101927394 57475 54947 55534 29970 23380 9586 5783 55182 1804 7097 56977 92737 64805 989 57705 4301 64784 1287 5802 4208 79890 55740 23120 100506421 6444 85445 11141 10787 8537 9223 29760 7220 23122 56895 5730 1000 222537 10231 146691 114805 57578 131096 101927314 80725 800 23261 3480 286411 107985194 54796 2770 257194 1438 9728 583 1740 219287 9026 158135 20 9649 3092 64849 4642 10580 85458 11214 93986 10243 8871 23345
Microglia-vascular	11213 22837 6672 1879 2313 2321 2034 57194 3672 51176 54502 26509 3566 5175 3075 94240 5243 2122 7133 7450 124909494 115677 80760 140876 5552 8942 221395 7052 1890 256949 2078 338596 3554 51162 9429 64123 3676 2687 4600 4855 55679 10475 51703 51705 7122 54873 7035 837 153579 8809 4854 9332 6909 2268 283383 8515 302 10365 9754 26136 10644 3710 196883 100505495 10312 55340 6913 306 57105 9096 100506736 116159 3635 10964 3055 843 155038 5583 9060 25816 1634 9050 8140 254102 10052 81704 10320 28 92241 2355 2643 22861 10859 126669 6556 55640 255488 105378858 1379 7026 3937 2634 5788 2533 7048 23166 965 2022 54739 56829 152189 80704 5745 11309 23224 55843 54757 1536 80833 54518 64094 3133 8531 2013 4542 28231 2040 6840 11030 118788 56999 3601 1356 7097 57572 4430 10788 84879 1843 197259 152273 116496 6503 57101 6916 2114 6513 221472 5420 654 3687 23533 2995 4091 151258 1286 4811 4360 64581 6539 90102 2212 6573 54625 2 5336 10044 6850 4067 80216 58475 219285 51776 9056 10723 942 5359 948 51411 55784 5101 79875 3683 11156 4739 6515 7037 1282 57801 1285 1326 6540 80162 4684 5521 11186 1520 4481 287 240 3106 253559 4005 3059 7408 9863 182 9180 7402 10346 8503 6239 4685 3587 1740 27143 139716 54436 348645 64067 3490 1535 64092 100506403 29780 1378 6641 55243 2824 4045 3134 23705 64231 83666 1501 50863 56899 6793 1436 577 768211 1795 283349 1602 91351 1004 4121 220441 257019 3600 5789 115004 93349 2869 2162 23321 56261 4599 84978 1794 6778 64135 667 10135 112597 55320 55332 79651 84166 6695 9472 5819 9053 30817 11214 3071 11141 288 5937 10019 1284 2894 53353 28316 4137 51555 5293 79890 79966 9938 22898 25825 259232 1316
OPC-A	5156 84465 30010 375612 1462 65217 338645 4661 56934 64093 2897 105378311 10242 9037 55612 202374 4325 1301 23544 55959 7143 22854 103695433 645591 100506457 22986 1630 102724058 8516 57419 55022 1297 6323 5803 196051 29951 101927293 55553 100499467 63827 105379054 339479 3751 30820 55083 83539 129684 121256 27185 9053 1826 54212 10457 10203 2913 100873949 744 92293 10178 50515 6328 57633 105378516 64344 152137 154215 266722 56243 11031 26033 238 2915 57698 90362 120892 114786 2257 10090 83938 81615 161357 83716 64131 2917 137868 11122 5067 27092 130271 170691 22998 1608 23414 56288 143872 23026 116448 6546 146395 114815 2263 84632 79658 729993 222553 114788 160335 3556 201266 23072 2260 55351 10752 57502 10082 23500 6935 256435 9423 2259 84239 4978 10777 155185 4642 445815 773 57514 10188 11278 27091 286183 4082 2898 144453 1600 5099 53358 84966 4214 6505 5396 9760 84623 4133 10656 9699 64759 11069 1287 5793 83988 10675 2060 22822 10485 55790 28232 4916 114134 55314 60312 79789 6506 1012 6660 9771 6457 85445 2115 80725 80059 8522 23037 4035 8715 343450 1008 4897 1124 2899 283131 55182 114784 147495 4983 105 80133 9229 90627 100874018 117177 57484 54762 101928583 84976 202333 1902 143458 54886 9672 4336 9705 285175 163404 8826 342035 7837 81563 81848 1272 655 1464 64168 2571 2895 222537 11057 477 2892 6326 57482 4643 11281 285382 7010 5593 8622 100128590 204962 58499 5136 10579 57642 79158 590 1730 3709 9717 6000 6335 776 100506474 10507 5218 5791 221458 114805 6579 3778 8994 1956 729732 64478 101101773 100874064 2823 1806 1390 338811 347 2119 5010 55103 23034 2674 23313 3910 728215 27303 2587 127138867 84441 23302 114795 57626 460 91749 10882 10391 4745 57537 10351 5270 7102
OPC-B	5156 375612 84465 30010 65217 1462 338645 56934 2897 4661 64093 202374 10242 55959 23544 7143 9037 4325 1297 55083 57419 1301 22854 30820 22986 27092 1630 146395 55612 5803 55351 121256 55022 129684 238 8516 1826 3751 100499467 196051 55553 27185 83539 2913 54212 23026 103695433 6323 9053 10178 339479 92293 29951 266722 10090 9423 64344 84632 56243 50515 101927293 114786 114815 83716 26033 170691 2257 84966 11031 105378516 2915 57698 64131 161357 81615 155185 729993 744 2917 79658 1608 152137 154215 57633 11122 23072 90362 23414 221938 773 6546 22998 222553 2263 56288 143872 2260 27091 5067 100506457 10203 114788 4978 57514 144453 6328 10082 2259 10752 23500 3556 120892 256435 6935 286183 6505 130271 53358 10777 201266 57502 4214 160335 64759 55314 5396 11281 445815 2899 60312 1287 1012 202333 4642 1464 1600 5593 114134 9760 11278 137868 9515 84239 2898 9699 11069 6457 5099 64168 6335 5793 4133 222537 83938 63827 23302 7010 117177 80059 10188 4842 8715 54886 7837 10656 2892 23037 85445 114784 84623 2060 80725 1008 3910 6660 79789 1124 4745 28232 4897 105 10485 101928583 6480 6506 55790 343450 8522 147495 9229 4916 8826 655 57484 57110 2115 22997 143458 2674 2571 342035 1902 4336 10579 8994 5799 84976 55182 204962 27115 4983 1956 1730 23034 8622 283131 641 9771 2895 55384 9019 81563 51196 5136 5791 4643 64762 9672 6326 40 1806 129080 9717 163404 81848 221458 5332 1272 285382 64478 8470 407738 5010 6579 57537 93145 10507 57642 2977 23236 10675 101101773 776 728215 6000 27303 114805 5218 26207 84441 4035 83988 338811 10129 9705 57699 58499 84168 57482 285175 10351 59277 9162 162494 11057 2119 9723 2893 114795 3778 5337 8871 100506474 2823 127138867 85300 3709 23179 54463
Oligo-A	101927459 5168 9705 4336 6579 1902 5010 4340 131096 10351 83641 3778 64399 101928583 93377 8537 79789 9745 51148 7368 10659 23150 10529 57477 2346 4897 79152 23092 7018 55182 4916 9586 55314 745 118611 5337 84735 56776 108 5793 2560 1272 387486 7068 3983 57475 6900 5354 54443 2823 1287 283547 57118 23236 933 7444 166614 116931 55790 79628 4217 1267 728215 101929423 491 29 63895 6660 10752 6935 5218 10160 23768 4482 222553 11278 26011 100287225 460 81563 114880 26040 84871 2861 1608 4133 5046 55799 3786 5137 114795 51090 20 1837 23500 140733 445815 443 100507421 6000 441094 28513 783 8708 342035 4208 8997 10718 57476 8715 10217 27303 8871 9208 26207 66000 56650 57451 253782 4099 57484 5435 100874369 4036 55619 3899 5129 8291 127138867 27296 50515 5860 120114 29119 286827 1008 260425 1620 11155 5099 286046 5140 221458 80005 25834 785 1363 773 27445 285175 9378 8404 79899 11145 9725 9229 1946 10580 4118 1612 5362 7102 8618 55604 23187 166336 50859 55885 2065 64754 6319 375449 22906 51422 4155 5799 50649 94015 400954 6653 23002 219287 1496 22866 121601 23024 3631 6546 9892 3673 55074 57571 3092 339479 3751 10085 3920 344558 22874 9760 221692 2259 22873 22999 80790 23576 23034 80003 80206 1124 25932 8821 7143 23120 776 7204 55858 9515 401145 101927768 102723370 5592 100507377 744 23345 54899 6457 57502 816 57496 4139 5066 4862 6709 4983 84623 659 6506 1826 100128675 2562 158471 2898 100507336 85440 333 57471 23230 285671 818 3709 6249 27115 285220 3752 4643 54212 286183 114786 729732 100499467 79602 4642 374378 10873 129684 57528 57698 23040 440823 11069 283455 642987 201134 9625 2257 10144 2915 9462 55752 5596 56288 55690 774 220108 28232 1806 26030 9771 274 84168 2904 6326 143686 1123
Oligo-B	115584 220416 88 4036 3673 100289137 54443 5923 100507336 63895 11155 56896 101101773 133121 79628 79899 101927641 5129 105375483 4336 933 4340 2346 5046 5168 57477 79152 57571 102723605 83641 5924 5010 7368 10659 10351 6579 342035 9725 8871 8549 4643 10529 1272 54820 5337 101928583 4897 1124 9705 127138867 4916 25780 2560 7018 220108 6900 7444 8537 51148 108 55790 107987108 4217 3778 443 728215 3983 85445 60484 1287 29 2823 107986298 5793 124903732 23120 1902 27296 745 57118 23236 10160 9745 101929423 491 286827 222553 23150 114795 131544 20 6660 6935 5136 100507377 118611 10752 58504 4211 23768 221458 9873 57475 1608 114880 131096 283547 80725 79789 101927043 1496 81563 5099 55799 55314 23500 2065 26207 285668 11145 57471 11240 4099 6696 56776 55182 8708 57636 10165 57467 389337 117584 1318 116931 441094 9717 4642 85461 645323 56650 9586 2934 3786 84871 4208 56895 8715 140803 57451 23414 10718 7869 50515 10580 1501 145270 54149 783 94015 5435 222223 80303 120114 7942 11046 80781 5530 5354 25834 285286 55604 23232 57484 8404 79602 79817 6319 55227 5140 643965 1612 1008 1620 7456 4915 5587 9229 57476 55885 1363 1946 3988 5362 57556 8826 27303 79993 9770 79870 154043 10984 460 5137 825 125061 6773 221178 253832 282973 9760 10129 3709 10966 2861 100509894 10420 9625 862 5638 221294 23303 285175 23187 333 9037 23024 2263 339479 219654 23555 1371 286183 79905 56994 344558 26022 11322 9771 23241 80206 23460 6285 6709 221184 7068 10507 51422 22866 253782 55619 114907 2048 1267 84466 64423 10314 57628 6506 101927134 2770 119587 55556 23576 6414 57480 50859 9181 80820 6457 100287225 105369550 80005 64849 6546 84915 5799 4862 7145 5803 81553 387486 11278 386617 404093 5663 388403 101927394 51228
Perivascular Macrophage	54502 6916 55843 81704 5788 2313 4067 6672 54518 2533 10788 11213 4542 8942 23533 6850 9332 6556 7133 10320 6503 3055 7097 221472 118788 3937 1890 5175 5552 2162 94240 3059 64092 4360 1536 54757 64231 23166 10859 4600 2268 51338 2212 58475 6614 643680 9595 1794 1520 22861 255488 7409 837 92241 10475 4481 155038 79651 3587 25816 3635 284759 963 1535 3071 5336 240 89846 64581 3676 9050 2643 942 3683 100506403 1436 3687 54625 27128 7048 11214 9056 7127 54504 7402 84034 79890 112616 313 3936 11309 64098 26509 9938 283349 83938 22797 9863 7903 5101 57705 1240 752 1378 1075 51411 5521 113 253559 4684 254102 1740 55784 10964 4685 4261 170591 1441 54739 287 9473 64744 4045 577 1438 56899 50863 1501 972 6303 3600 26052 91351 6793 667 5789 2824 1795 64067 3566 2894 54436 139716 23321 9472 23705 79966 7082 9053 84978 393 80216 139818 5293 10019 28316 11141 399959 2120 116154 8476 22998 6695 56829 51555 114792 6239 259232 161725 6688 288 4137 2775 8633 23242 154215 283131 30817 55068 2066 1601 4646 25769 9369 83478 219285 348645 1508 2885 23284 53353 1326 347689 116987 93663 976 9829 284996 2289 4756 3784 8935 4857 3718 100379661 79739 10396 55607 114088 122060 22871 23114 8499 10085 5087 781 23239 93349 2891 5602 5796 23245 51363 3106 9262 57453 22982 6778 152404 10098 4915 342184 84251 57689 9832 57554 960 23194 158471 23671 84106 5359 57221 2913 3133 5452 23446 23254 27185 50859 388815 6457 26289 23348 159195 3428 84457 4121 55803 26053 57520 9771 6452 89795 1730 57690 10461 79895 121601 64859 10243 100505894 84623 23380 1756 4781 84166 7764 89797 10346 896 23243 2180 101927394 10135 55084 29119 642776 23122 965 220965 8777 2263 50515 9781 5137 55320
T-cell-mixed	5788 5583 8631 10788 55843 100506736 94120 10320 23224 919 2113 84433 10225 154075 2533 81704 6775 3635 79668 313 7402 6793 2313 3676 3702 54518 3683 149628 55784 23533 1794 22806 9595 4542 6672 100506403 440193 896 25816 864 963 4773 56829 9402 29121 54331 80709 133418 7048 399 26191 64919 4739 100130231 4603 100506776 22861 3824 3937 51411 5293 285513 3936 3106 116496 123036 976 256380 6503 84166 5552 128611 89846 9938 387357 80342 114836 57194 841 3133 147138 100528032 286530 92241 7294 3932 202 11186 10417 80310 7133 9744 84174 914 401124 5729 11119 1535 7409 139716 51348 10578 165631 257106 338596 5551 137835 7535 11118 84941 79961 3669 923 9976 8809 115362 255231 51316 197358 2634 7852 397 9750 3071 3718 9262 5101 9863 868 64092 10125 23157 10346 960 283349 287 23670 639 4154 1740 11214 253559 667 3428 5336 11278 752 64067 114793 4685 577 9263 4045 9732 4478 5243 3107 50863 91526 1501 2824 162394 5747 56899 91523 2894 50515 2534 139818 5588 5789 26052 9910 6789 1075 9472 246175 23321 567 57674 6925 55704 7082 1795 694 9053 11141 8476 11262 22982 161725 3105 388815 64167 116154 6695 393 10451 57584 84978 113 3059 56990 5527 23362 7325 28316 1729 399959 259232 9444 154215 8633 22998 353345 23180 2035 55068 23242 55016 4137 344148 51555 23001 53353 965 23284 25769 79966 23446 347689 114876 5922 2549 9369 7903 114792 89796 2066 23705 81539 57698 27436 22871 79739 5579 9829 5908 1808 4857 351 118788 114088 8499 23114 10085 781 23095 23239 2891 2355 1112 158471 83988 5602 5142 93349 84251 4684 6272 6786 4915 57221 79890 254827 1756 2889 50859 89797 89795 26207 5087 23245 6446 214 5796 2683 5521 159195 55607 23347 160335 112597 152404 6457
T-cell-parenchymal-1	100506736 8631 9402 3702 22806 114836 149628 3575 914 100506776 864 3932 10225 123036 5788 100130231 399 3676 55784 10788 154075 5583 10320 9595 3683 256380 25816 286530 84433 26191 55843 94120 2533 81704 919 9744 387357 23533 440193 3937 23526 257106 80342 147138 23224 3635 2313 54518 92241 56829 79820 2113 6503 1794 4739 51411 963 202 22861 3936 64092 116496 89846 133418 6672 3106 5293 64919 4542 100506403 29121 960 6793 80709 84166 11186 9938 896 6775 7402 79668 841 965 80310 401124 868 4773 128611 976 162394 4154 6789 55013 567 10346 3059 694 348645 93349 91526 9262 285513 313 139818 283349 10125 29969 7048 4603 64167 91523 23157 3107 7903 3133 9750 11214 92797 8334 3824 8801 4045 89795 57674 3428 10718 678 54331 5588 6641 3778 55196 4897 11262 2869 55619 54941 2081 472 55796 9263 1272 50515 92106 56776 9910 5305 101927043 577 728215 5873 5890 5334 54625 116984 11177 9844 4916 4478 9378 11322 6000 56990 1496 222553 10666 55799 2683 9829 4336 10529 2534 2823 11278 2560 53905 79890 55790 1501 7109 55182 6480 127138867 5793 80714 246175 7456 596 143 79899 2124 100507336 10628 4124 8837 5906 5046 22821 23768 23225 5099 84871 91351 1806 9839 1729 23670 30011 642776 101929423 7068 491 53353 7430 9725 5129 83641 54899 23240 285175 5168 783 6310 22900 50649 5613 1363 8826 55858 105375483 27347 23387 3993 987 3786 117584 3192 5602 57484 100 4363 3092 9679 2889 100874369 57451 5937 219771 108 26051 145508 83605 3673 9705 101928583 5337 4643 2259 10752 10396 22866 10160 4249 55556 25769 8715 256021 10625 460 286183 114880 116931 9515 23253 9267 55729 5803 25780 115584 6579 5137 1946 27436 23024 8618 1612 23228 25834 114795 6546 4155 57628 89853 4642 6695 222223 23348 441094
T-cell-parenchymal-2	3702 149628 114836 5551 914 84636 9437 4818 916 6351 9214 100506736 22806 864 962 9402 7535 100506776 3932 115362 6352 8631 8809 5729 3683 51348 26191 168537 79961 9595 54855 165631 100130231 154075 5734 489 64005 94120 84433 55784 399 10788 286530 255231 256380 9744 919 89846 5788 10225 3676 84941 23533 5583 10320 2313 10578 923 80342 147138 55340 6693 440193 25816 5552 137835 55843 197358 3635 100528032 241 55303 8519 3689 10417 7852 5341 2533 26112 123036 54518 3937 7133 2113 9938 4542 9111 3936 51316 51411 23224 133418 841 100506334 202 7128 397 963 9953 5293 3587 139716 11186 284207 93349 6672 84174 960 257106 3133 7048 752 7409 6775 54331 401124 6641 7294 80709 837 4739 3071 6793 6503 11118 92241 10384 3106 81606 162394 843 567 116496 3059 2634 639 1535 3105 3107 5778 4773 3134 313 414149 84766 80830 79890 79668 1794 10346 11151 100506403 283349 9263 171586 100506885 285513 5336 29121 64919 4267 139818 80833 92797 29969 4478 219285 6515 84166 22861 80310 10627 79026 7402 54739 3824 1729 257068 7049 81704 2316 85415 10125 10123 50619 9262 896 64761 6494 9750 11278 1075 868 286464 1051 79156 3490 64167 135228 23670 976 2247 57194 3718 7805 5292 56829 85439 8671 10095 353345 10451 57224 9249 5829 3659 79132 202151 221074 2737 128611 5276 91523 83593 1326 26207 3669 83733 8601 60436 6563 1374 57326 339789 4343 151636 59339 11119 10938 10413 10161 64420 8424 100874222 3613 246175 63976 5992 3428 8556 10461 2534 196047 311 6480 9760 7040 10666 56301 6850 952 797 7290 361 57139 678 8934 64778 55615 694 84152 6506 2683 84059 393 11253 11214 100874047 10991 658 6263 3398 4154 10335 5873 4772 79888 57722 57685 148198 23157
ambiguous	404744 3358 128553 8516 1004 131034 101928114 2918 7092 79750 402117 93986 100885789 9951 1129 51334 124902439 1303 118427 29953 11249 80309 157376 9312 151126 57624 116328 375612 90102 64084 2690 338645 57604 22895 64919 9914 9723 80144 389432 91584 343450 158038 5801 389634 554226 1428 101928840 40 116443 152330 1016 56243 348980 2567 144165 23426 30820 56853 143098 337876 9899 9079 148641 57144 100506457 23040 23231 154075 64901 9201 222183 4745 285780 9758 5063 53335 90134 6456 57616 10486 54437 1630 285513 54847 168667 554202 55061 1996 6775 54769 11122 23108 57512 3763 442213 2903 729732 344558 54212 9760 202559 2914 56884 2899 100506474 5799 5915 25924 10777 171019 54566 55530 130367 8618 161357 56938 8497 79623 400954 644150 154790 124904288 54549 6262 64388 5121 9060 3274 102723526 2078 140767 10203 1600 5787 286046 100506994 81792 101929544 948 55384 285154 4033 101926971 4948 79827 105373538 729830 22925 8013 160728 53405 84109 84433 105370401 79180 27132 1395 92196 10739 439941 64866 2322 109729133 101927708 64787 101929745 387129 114801 353189 1295 2888 1139 5126 2556 2044 124906525 22885 9066 4753 8470 10446 26059 266722 23333 2915 2115 9912 773 388662 27255 84871 81831 7226 51059 54715 10954 7424 9957 9228 84620 60680 11069 6616 51761 23314 23359 2561 9568 119 25834 1826 85379 2035 221935 26038 27445 9699 2045 1006 55103 3760 79703 440823 6000 814 5593 23072 145957 4008 785 9444 6326 146713 6857 5140 2977 653247 5218 257068 123591 57282 2904 89795 114788 10409 6546 124925 221692 26040 9615 157574 774 283455 55691 130733 10814 6304 10082 5325 6489 81624 2562 26960 29906 6586 10349 10659 643542 5141
low-feature-cells	344148 26137 28316 6938 347689 2530 28996 79966 55914 214 23239 285195 80005 57688 9444 9839 5305 9448 23705 2272 55619 23194 989 160335 283131 23387 51741 64067 2066 5142 26052 55384 5521 5101 4684 6446 23446 80333 9732 1793 130132 29994 23048 118611 285527 22882 55858 159195 57609 254827 5151 23150 4756 2824 50863 114792 84466 114793 4155 10085 79776 2263 9846 8850 54899 55819 54558 63971 116984 23097 9745 4774 667 4685 55314 11141 58155 51704 84978 3092 23500 122060 57580 23328 23189 9053 23233 101927394 23120 138046 55182 9844 57475 8847 23122 116154 23321 115825 3516 2894 4124 23678 8633 114876 9863 11183 5663 323 116987 54715 8301 256987 1287 131096 2549 10404 54453 50859 8537 3977 23187 554203 10165 6507 2934 26053 9586 259230 29119 152404 9926 9478 56987 57698 91526 5962 201266 55636 6529 84146 1998 89796 57507 9705 79789 117584 11342 60468 54816 23001 5137 89853 55227 3920 54467 56957 10806 7082 152503 6695 101927768 101101773 22905 9765 219287 2913 1902 902 5334 2060 10396 7368 5795 84457 4646 101928583 22982 7403 8555 5168 8546 120 55556 6272 8738 220965 57556 4601 55331 219654 84909 64762 5890 83641 57477 23429 23362 7227 4336 79602 399959 26275 2534 5435 286053 9829 23127 11016 2776 84938 114883 79152 55144 473 8110 23303 84441 324 121601 4212 394 619279 10507 6857 596 7018 221178 1739 92017 10314 27443 84333 4026 9026 23258 9873 5046 5730 440823 55031 96459 91833 132864 79745 55356 9472 6925 92737 287 196528 9779 3344 5654 5495 55023 7562 23405 728190 583 4660 105377623 20 63027 5010 158471 55016 26133 98 10157 221458 9228 1806 101927314 26009 25769 100506421 342035 83989 6579 57492 51735 9043 85449 100509894 23232 220296 140609 57522 58499 121665 2788 105 5578 5337
