Astrocyte-activated	5992 169792 6263 84059 100874222 339789 6563 658 64344 2670 9413 56288 477 10335 85439 5592 286183 10418 2262 361 57224 202151 26207 8601 151790 9844 57520 25891 10085 55016 79611 7164 288 63976 6457 2737 8671 25769 80036 26027 51321 23671 3983 83733 79781 5803 26084 26289 50859 6506 117583 2139 9771 57685 3782 25834 80896 108 166647 121601 105378763 64850 65975 10413 50649 23657 445815 9745 55619 79739 374977 79026 55553 26051 10529 3691 84623 8537 55604 10840 216 23150 84239 131096 5137 6660 57088 84133 4642 1462 23286 56776 105375405 5334 2202 9586 323 101926964 100507524 83992 89932 85445 11170 55790 347731 162282 4217 222256 8871 57477 220963 122060 8404 4257 57453 2138 23205 2823 10160 101928989 7368 4155 80725 818 114 8633 9211 53919 9630 5168 7402 56895 2560 11141 5596 3490 120114 57221 1608 55268 79152 10580 152503 64168 22871 166614 79971 29 4336 339541 94121 25992 8522 8556 51555 51196 83700 115123 5337 9185 27303 960 27115 6900 219736 56963 2770 112885 23348 57460 9829 85440 677 4340 8502 116931 26018 399715 57475 2261 729085 10768 9625 3707 342035 284217 5046 10984 27345 9705 9369 158471 83439 3371 65983 387486 9717 1124 57619 5010 4897 79953 6091 401474 10396 1272 3709 1902 1021 1363 2247 10485 83641 2697 5435 79627 254295 1612 94097 57554 57698 196047 80243 5276 274 23092 283547 8412 127138867 54899 32 10718 54886 285441 6558 118611 51148 51129 8708 84441 5136 5396 5129 123041 481 5860 10351 50509 6934 2346 1191 114805 101927459 23576 222223 51090 84532 57451 54443 57514 1496 63895 64399 6579 1002 4916 6096 56650 1809 23287 83999 30011 10231 100874047 9926 143872 114784 79940 56062 10461 23418 604 23382 158135 91653 9258 55785 1806 4853 84168
Astrocyte-quiescent	100874222 202151 10335 658 7164 2737 8601 63976 6563 339789 57224 5992 85439 64850 10418 83478 53919 25891 9630 477 169792 91768 64344 285441 79611 50509 10461 89932 6263 57619 8671 100874047 10840 26084 148198 23205 23657 286183 2139 84059 10413 2138 9844 83733 361 57685 57453 105378763 60495 65975 56171 100507524 6096 56288 57381 9413 5803 196047 112885 288 101926964 54762 2261 57088 55604 10451 2697 84239 6457 80036 4257 57520 79781 27115 25769 2202 219736 84133 23671 55553 1956 166647 26027 105375405 26289 10085 4163 28232 2262 9211 80896 9771 5596 5592 55619 116135 50859 3782 100499467 79971 2555 57514 221074 117583 25834 374977 51321 445815 79940 10485 11170 124906016 55016 121601 222256 1608 8556 5125 9760 23286 84623 26207 85004 84532 79632 5137 1363 79739 6506 2247 57480 55785 94097 3983 783 6565 8708 9745 26051 55268 84952 23576 56895 2565 55790 818 22871 4217 55885 23150 27303 348094 80243 216 4853 10611 10160 116931 6446 5270 32 440503 108 8412 23022 170691 23024 23305 347731 50649 8502 6934 4651 55366 56994 79953 2905 11141 4642 85445 2560 4155 10768 2152 221938 7042 85440 57698 57451 221687 101927111 6385 339479 51760 482 6660 64759 1806 23418 3490 10529 8404 23114 6383 83992 8613 84249 1946 131096 56776 11278 8522 114805 222553 65983 26018 100506885 171425 80725 8871 64168 285505 3709 57460 4916 8537 143872 6640 2752 4281 23768 285220 162282 7049 120114 1191 6538 11197 54898 463 2736 27333 4897 8829 4983 5168 5990 5362 81563 1471 2746 10231 339541 93145 1124 23090 148 27345 7402 166614 9658 342035 85379 5159 57477 9185 7088 5352 144100 7430 3707 22836 444 10217 9586 23382 27152 5337 401474 220323 23092 1002 351 7099 4336 5140 7368 729085 604 375449
Ex-Neuron-ADARB2-ERBB4	11255 2741 8516 27092 55612 645369 84465 338645 30010 65217 103695433 55959 2571 79750 3488 375612 121551 10882 286 22854 4661 27328 375567 256130 124925 102467147 56934 7010 10203 127833 10242 102724058 7143 22986 402117 6332 1286 10178 6323 81615 9423 91752 9718 54212 129684 204962 53826 115827 23544 1826 2917 5067 3751 90161 101927293 57482 9699 6328 100144602 222008 5332 114786 23057 100048912 51617 55022 7837 9037 341880 57604 4325 57419 23414 2899 10579 79722 2044 2898 64901 25849 105 3760 157627 91584 84530 3354 6014 114788 64093 4978 92369 55515 6326 348980 5793 1016 85300 2890 220 27091 79658 407738 1301 22865 56243 1630 81578 6585 9331 2895 2257 26166 55061 554226 389634 57689 1285 152330 60312 57512 105378311 11069 64409 3556 64131 57699 3667 55103 1804 57468 2259 161357 10369 773 283417 57282 8224 776 50515 238 56853 55531 478 57633 1012 2904 8470 283455 84502 5063 4810 80731 80059 90632 145581 5066 221981 57863 6546 7378 129804 641 401145 440279 285513 11122 64388 84679 222553 23072 22997 1600 401190 6547 27344 1515 2915 3785 64478 7991 53358 2906 6854 222183 5099 10409 23426 57528 9568 100505996 4133 22871 56341 26047 3745 90362 339479 90293 1641 2786 285175 5937 27133 117247 7222 157807 11278 30820 5218 10194 140767 147463 10129 22885 144423 114134 728215 116328 2977 23732 168507 23040 2902 2897 163404 83851 285671 9672 123041 55728 2566 338811 8618 114818 152110 84969 5126 6256 114805 273 51761 3746 146754 9892 22999 54331 27303 10003 139065 26033 146395 4675 84966 114784 5799 23359 146713 51196 1996 1956 64061 730091 23254 83938 55083 4842 57502 23504 55384 107 257194 23089 4753 285533 53942 10188 164045 6869 114 5521 155185 8715 254559 57569 22873 120892
Ex-Neuron-CBLN2-NRGN	282996 105369860 283867 124901604 8647 2078 8912 160728 7294 53904 105369302 2888 80309 255631 400359 5172 9956 64377 27019 154790 64919 199920 255119 1428 400224 326624 57687 57194 1004 64388 389421 55959 84830 101928376 2918 109729133 63982 256536 101927531 147372 93109 245973 105369438 25859 10125 1807 84870 6586 147381 9615 2250 64405 54777 106614088 11075 1290 55079 9840 3084 146760 105376121 9478 100132891 285154 57495 219578 146177 79805 84969 23026 6752 8503 7006 128434 51454 341350 2899 130367 79875 6330 101928114 105375387 285735 758 342667 102724623 4741 5646 359822 2556 3780 23359 644150 80144 90134 112937 3781 10368 402381 4900 151126 343990 6775 348980 59283 2674 283078 1996 1268 284656 3360 407738 127833 5582 548596 57624 6014 107986980 5121 7399 114569 114818 442213 653316 5801 9456 29906 148 40 136227 148641 123872 101928765 2914 101926971 6092 389197 8829 9568 2051 57569 440823 54847 55061 10082 118427 81849 79705 140767 148753 9201 9348 478 91683 7223 400765 119 112268208 9228 105377180 9312 115827 2558 152110 2596 9645 5141 9746 57604 25791 815 9079 4293 127602 55244 5799 284 157574 285513 10815 116443 5800 3763 22854 79589 10417 84530 7447 105374338 5063 651746 55530 6585 83593 50944 5627 145447 91461 2890 168667 144165 9066 83394 51059 23314 220441 4008 26038 554226 23108 65055 9389 157627 3745 4753 57282 222183 2898 9899 9515 440073 2562 152330 283310 50614 337876 283455 84871 145773 83857 9148 3708 2903 4948 10446 284424 222865 55512 129684 64409 2892 84182 84966 51678 1641 27255 10814 342184 114884 51305 160851 55384 200373 101927189 22941 5067 51334 80210 401145 2044 84940 285220 83482
Ex-Neuron-DLC1-HS3ST4	9951 27328 9723 2899 118427 400765 93986 92949 64084 171024 101927189 2567 146713 2044 343990 10371 6456 9899 5801 9478 80144 56853 6586 151126 56243 29951 84530 10178 5126 22986 53335 2561 4753 107 9568 222183 114884 8470 3084 23108 40 26038 79772 777 1131 3763 9615 1016 815 9758 57144 23072 2890 9228 57604 25791 9871 9066 168667 283455 338645 5063 774 9201 348980 6585 25758 23040 2904 57512 138046 57282 23057 220164 114786 54769 2977 129684 144165 3760 4325 3745 7447 6854 6326 1602 9912 23426 5332 6263 729993 148979 337876 79815 10409 440823 93664 3708 26220 81832 100132891 51422 22895 119 2915 10368 23314 2902 22843 84966 22941 55530 3355 2562 54549 11069 10486 60680 64409 114818 101927554 554226 2690 9722 651746 273 2045 28316 9079 401190 5799 9699 6546 54798 64919 83851 116328 3354 1826 202559 6328 51761 9645 23213 23105 6334 54847 2257 79698 3899 154661 129049 124904288 57497 27445 6616 145581 10777 11122 8618 105373390 105369438 6092 1759 148641 79750 57616 7991 27133 773 65268 1946 342184 4884 1607 79703 22866 23544 23504 344558 56479 2892 5577 387597 54212 158038 776 653316 4008 59350 8745 9515 101929544 161357 55061 10458 130733 57731 401145 59283 10369 257019 23732 340533 2566 9890 816 285175 26507 2903 23414 29906 3382 55752 56704 10446 6857 22999 79937 1004 57338 785 23327 9980 83643 23194 26033 644150 26034 23670 26040 101928840 1996 4628 9312 2554 25924 132204 10125 1608 541471 491 87 57732 5575 23230 5592 5125 79668 222553 54511 54566 80005 23228 55799 283131 23217 6262 56917 51059 57496 101928114 7143 1793 3752 758 166336 55800 1612 814 5141 10656 344148 6543 1123 221935 5579 4133 6812 9265 157627 2259 84448 65055
Ex-Neuron-L2-3-CBLN2-LINC02306-CUX2	23316 147381 343990 1007 9840 9348 101927189 285780 101927554 56934 1010 81849 146713 6586 400765 5126 1131 23266 2911 23105 9628 284930 815 64409 6456 9568 9899 9478 118427 7447 442117 5800 4753 158038 8224 26220 114815 222183 3354 26038 10368 84530 1016 2561 9079 40 2043 136227 9228 1607 121256 145581 407738 5063 283455 25758 2890 777 2904 348980 91584 79815 79772 653316 23504 23314 57282 774 5801 9758 8470 6854 56479 9201 359822 144165 23040 3708 266722 23072 3763 138046 84708 10242 124902439 3760 554226 2977 273 6326 3745 107 129684 2562 81832 2902 151126 23544 148641 63982 105373390 337876 11113 729993 79698 57497 64405 8507 2915 56243 22941 83851 3781 57528 2566 285220 23057 2903 6323 87 4325 3751 114134 84448 114818 22866 60680 220164 3747 3912 5067 2185 202559 9699 84539 9645 25791 4121 644150 5799 23025 146760 51761 91752 1826 1759 9066 5577 6546 154661 2257 152110 1012 54212 152330 3899 6616 4745 7143 26033 55638 51454 338811 55061 11069 814 57495 344148 6334 56853 6328 10777 3382 773 9515 8825 440823 2892 400456 8745 9353 114786 401145 9912 8618 776 54847 120114 3756 9456 10409 6585 5066 84502 23732 1793 80210 119 23180 3680 374378 90134 9312 161357 1730 101927636 83643 27445 8936 2917 285175 440279 6857 65268 129049 54566 22843 651746 93664 2774 3752 57496 29906 6812 1612 53358 6092 80005 400954 57512 102723370 23194 23768 5362 6645 23327 145773 8001 137970 57731 134829 283131 816 84966 57134 57144 4208 339263 83698 90632 66000 401190 4628 54438 25859 2596 51422 2557 114788 124359 8514 9892 56704 22986 23230 491 55799 57118 5579 10486 25992 57795 146664 157627 55809 6262 9615 1946
Ex-Neuron-L3-5-RORB-PLCH1	105369302 23316 131034 29953 3084 256536 22854 6014 1290 107986980 118427 9312 56934 440279 27133 90134 79698 100132891 81849 147381 9478 151126 64084 348980 11122 1131 114818 64409 63982 2567 9628 132204 101927554 343990 53942 6456 102546299 57624 137970 23266 9568 442117 219578 11281 51334 158038 146713 22895 79740 815 204962 4753 26038 2561 136227 114800 84530 79705 407738 9348 23007 3763 222183 3747 23072 9899 1016 6096 2043 152330 5063 145581 9079 9228 101929544 6854 105373390 196475 93664 121256 342184 23359 774 9201 9758 56479 23040 40 400765 138046 25758 22837 23057 266722 5067 57512 90632 6326 101927891 2904 23314 57282 440823 8470 25849 3355 127602 80144 2977 3760 283455 57144 56853 101927587 129684 2562 1630 2596 146664 101928114 729993 114134 91584 22941 5126 2902 359822 337876 151258 87 7224 2915 83988 23108 101927189 654502 114884 154661 55061 144165 6323 3745 2903 2566 1006 101927636 83851 3382 63876 114786 84708 7143 114815 442213 22866 23504 1012 54212 200373 5915 202559 107 9066 9353 9699 57528 119 57495 1826 9645 6328 5799 168667 3751 84448 51761 1946 7447 1996 6585 23024 56341 2257 338811 285780 10409 773 343450 79703 11113 27445 10242 101927531 55638 120114 148641 145773 10777 26220 23105 10349 26033 4325 80210 644150 64405 3756 83643 25924 60680 273 92558 6616 9515 8618 10368 2917 6334 339479 5874 65268 11069 401145 9912 1008 554226 161357 171024 1607 152110 8224 115827 1612 23194 414764 1759 56950 253782 3908 3899 9456 22999 1768 25834 777 8745 785 143098 26031 23025 102723370 57496 1793 4208 6857 2892 4628 285220 9856 5800 2554 3708 10082 11075 57670 134829 79668 23768 103695433 491 124904288 5575 101929238 57731 81832 6092 6812 25827 4900
Ex-Neuron-L4-5-RORB-IL1RAPL2	26280 3355 93986 131034 23105 59350 9312 118427 3084 151126 64084 79698 146713 2567 6456 11122 81849 3747 9956 9478 63982 9899 114800 101927189 64409 84530 400765 53942 348980 56853 2561 79705 102546299 1131 11281 9568 4753 23266 137970 343990 23359 2043 6585 7447 6854 26038 29953 114818 23072 204962 128553 442213 57495 222183 6096 114815 9079 337876 9228 2566 9758 145581 440279 9645 144165 23314 2890 102724623 57512 57282 56479 342184 25758 9201 23040 815 9066 138046 23057 1016 774 1996 119 1768 6326 3760 4325 5063 283455 124904288 10409 100132891 2904 23108 3745 57624 53335 57144 359822 5126 90632 5874 2562 154661 152330 101929544 40 6328 26220 729993 83988 101927554 83643 26034 168667 273 2915 148641 125488 2902 83851 8825 2903 23504 11069 81832 284930 3708 440823 93664 91584 105373390 136227 22866 22941 5205 5801 129684 202559 54212 56884 3382 129049 9699 114134 285780 63876 114786 2596 79772 3763 60680 1826 158038 90134 2257 7143 23024 51761 9951 6546 1946 9912 6616 5915 23426 27445 1759 6334 9856 5799 1993 3899 338811 57497 773 10777 5067 84448 27133 51334 8224 10486 3354 25924 26033 120114 1008 1006 92558 9515 65268 401145 101927587 3756 6812 776 401134 6323 1793 51422 79815 161357 285175 8618 651746 785 57670 157627 6999 127602 23732 2554 84502 80005 55638 23194 2917 101928114 554226 79668 79703 344148 3785 4121 10873 8470 200373 9348 57496 11113 171024 84708 57731 23327 22999 4208 57559 6857 65055 777 441094 25849 23333 2743 84620 10369 3752 814 114884 4628 5575 54566 4948 23230 59283 4745 26040 9628 8745 9760 145773 491 2892 6547 140767 6638 146664 10656 3751 80210 2911 22895 6262 10368 4900 253782 57118 7068
Ex-Neuron-L6-THEMIS-NFIA	147381 343990 4745 1010 219578 400765 2911 151126 64084 9478 6456 3084 59350 56934 146713 9899 101927554 23266 5126 6014 1131 29951 57495 6585 91584 815 7447 23314 64409 81832 26038 3354 387357 4753 56853 2567 10368 9568 348980 222183 5800 2890 114818 11281 84530 5801 359822 9645 57497 26220 8224 152330 79772 25758 2561 101927189 729993 84708 343450 119 777 2904 105373390 23072 273 6586 3708 23057 9228 57282 144165 4325 283455 121256 337876 774 23108 9201 9066 6854 56938 285780 9758 56479 2902 3745 6326 145581 138046 8470 5063 2977 114800 7224 23040 220164 83643 23105 84966 146760 2562 60680 11122 131034 118427 148641 1607 2043 284930 10409 55714 9912 1602 1007 40 651746 23025 9079 5577 168667 90134 22941 57144 9508 266722 342184 1016 3760 440823 101927531 653316 93664 137970 22843 9456 57528 137868 400456 3382 25791 2915 134829 83851 1310 107 1759 114134 11113 65268 2596 87 2903 6328 2566 11069 53358 2045 55530 55638 79703 51422 55711 401190 114786 202559 2185 171024 442117 22866 6616 5799 154661 84448 554226 8507 25992 1946 9699 55061 54212 1826 3747 6645 91752 10873 776 51761 3899 105374338 23504 84502 84539 374860 6334 125488 54438 54566 79623 10369 10777 29906 2257 9840 84102 6546 54331 27445 157627 23544 10486 9956 81849 8618 158038 23732 26033 6323 54847 1768 79815 130733 8927 1008 27255 816 7143 285175 145773 129049 23327 8936 92558 5575 59283 63982 8745 9515 6812 152110 65055 23024 3355 9722 4628 26011 401145 124359 253782 8514 57731 260425 3751 145173 79668 55752 161357 64283 101927151 23180 80210 814 25827 23194 57134 344558 23670 9628 862 5362 2044 785 57496 57795 26040 136227 1793 6857 22999 11075 80005 101927286
In-Neuron-ADARB2-GRM7	132204 442117 1131 116328 121551 101928840 79750 57419 554226 64409 91584 23040 152330 402117 84530 343450 91752 204962 2567 90134 5796 158038 2561 3760 9568 23426 5126 2904 9758 9201 5063 774 2890 2571 54212 1826 10242 80005 3909 23544 6638 221981 4810 6092 23057 40 9699 2257 401145 146713 57497 3747 5799 57604 118427 56853 6326 6002 2917 90632 103695433 776 57482 129684 157807 375567 51761 286 57624 83851 22843 57282 114134 11113 130132 5139 118611 9515 348980 221935 6854 23194 23500 200150 2742 161357 4212 22986 266722 2259 9628 2562 4978 83988 11174 55714 25758 2913 114800 1793 344758 773 283455 2549 64901 8618 794 53942 101928469 777 114786 23504 9912 341880 1600 114788 25924 6857 23327 154661 26040 1607 9331 2774 222183 2898 5066 27328 1268 27445 3479 1287 84959 83698 4133 53826 1008 3745 55384 100874369 6507 30820 9750 81578 220164 22999 1956 814 8537 8224 2902 105 147 3751 55061 3899 5332 23328 23120 152110 6328 956 55107 5596 5305 7991 84466 115827 202559 60312 338811 9228 26033 54558 2289 5629 57512 29906 26038 147463 23732 25849 23150 9229 157627 57477 2554 11069 56479 4208 5791 101927531 5915 783 440823 55799 5800 2566 60680 10123 5318 2903 145581 6000 127602 65055 2906 7068 22941 6581 9312 79822 80206 85300 3696 57451 57580 2934 23236 57731 219654 6616 400456 9892 10369 7091 9771 862 23359 27255 4336 388336 22936 56243 2560 56884 1806 9586 55182 55711 23072 124925 2044 256435 6547 4916 286046 114795 4643 4745 51196 65983 340533 1902 148641 260425 3786 54477 84871 5168 7368 6334 55074 375323 222553 54331 2263 114818 130576 10150 4340 51363 387486 285175 1016 79152 85449 3354 400954 22839 85004 4753 1515 285220 201266 163404 64478 26059 160335 137868 8821 9725
In-Neuron-ADARB2-IL1RAPL2-CSCL14	56884 132204 442117 53942 1268 146713 554226 79750 9547 1131 158038 116984 116328 115827 23040 1139 57624 56853 2561 3747 2567 23426 101928840 3760 729993 774 2890 84530 51334 2904 9568 9758 40 5126 23057 22986 2897 1607 348980 5063 26280 64409 9312 4810 9699 343450 337876 6638 2572 23504 1826 114786 2549 204962 2257 54212 6092 9228 114800 22941 25758 6002 6854 30820 57282 145581 401145 121551 5800 57482 51761 9201 5799 6326 776 2562 56479 8224 341880 285220 80731 80005 9515 22895 3751 151126 1793 220164 2571 1956 152330 1993 9750 27445 2259 3752 222183 200150 777 283455 8618 54549 114788 55022 1600 2898 2774 114134 4774 63876 8821 375567 26038 55061 6328 344558 153328 64901 400456 23544 10369 11069 57512 3786 100874369 814 60680 5305 6857 4133 5332 2334 55384 3479 2554 2045 388336 85004 22999 65055 83851 2902 105 2044 90134 9229 9890 1007 114818 23327 81831 54874 157627 66000 7068 3763 84102 23236 55074 116443 84959 2566 154661 340533 23732 100507421 1039 1010 57604 127602 338645 148 22881 79822 85300 152110 59269 10150 4861 956 401190 25849 221935 8395 23239 6547 1641 81578 79698 56341 56675 84502 140733 101929563 81796 128553 27303 84443 163404 2557 51617 9734 147 222008 80852 5649 54331 7026 2258 64919 2742 3355 130576 441061 105376541 9718 2906 9671 10123 9378 7857 57574 286 8503 55691 285954 1303 885 4948 11174 79722 26047 6332 54550 794 3738 26960 1129 285878 64579 374860 2786 23254 392617 5318 94122 283514 645369 6258 2066 9369 5101 8997 153768 222962 55799 100129620 57688 10814 59277 9215 221981 114793 6925 80031 478 260425 57419 91133 60312 5521 83988 161502 55714 23467 5797 158326 7082 2824 26220 1739 5796 286046 2913 201134 2917 25924
In-Neuron-ADARB2-LAMP5-NRG1	30010 2572 2258 80309 23026 22987 442213 3815 2897 116443 11249 84969 440279 22854 2070 57624 84959 22895 56884 5318 6869 64919 338645 375567 30820 115827 238 137868 79750 11122 3747 2571 8395 56675 79698 146713 341880 121256 57482 2567 100505996 2561 6854 23504 114786 6323 2890 56853 9568 137970 348980 2904 158038 23426 554226 23266 57512 55022 1956 23057 220164 90362 23040 79772 5063 64409 3760 53942 1607 2786 344558 79722 84530 81832 80852 55243 114800 114134 10368 2915 57144 153768 8224 63876 2044 774 4810 116328 11069 100996492 84620 5787 5800 57282 222183 758 90632 57528 157627 7143 2902 2562 2042 6638 10486 27133 80310 7222 6546 283455 3382 286 9758 342184 9699 729993 956 337876 2257 773 273 51761 4920 2903 129684 6326 5799 22941 5142 114818 57574 65217 10178 124904288 125488 23024 5796 105376541 3354 339788 2549 161357 1284 26038 55061 53826 26033 8618 401190 60680 25758 6616 9201 158326 9515 285195 401145 57484 10129 22999 253782 26011 83851 55809 5126 3899 138046 57419 374378 85004 1826 3781 56937 3479 5937 3084 1993 25834 3763 9760 345557 23228 27445 777 9455 3752 101928840 55530 4208 50515 340533 8503 25924 9912 55118 114788 776 222256 285175 222553 8825 23025 2774 8527 10369 55966 101927531 2259 114880 27303 134829 116984 117177 1793 785 3786 2557 9881 1600 26031 23327 9750 151126 51059 90134 23732 90627 1759 5156 59283 23768 26220 80731 10873 54874 6857 26040 343450 4094 57795 56341 80005 101929423 29906 8622 114795 2898 2554 84570 27324 9882 10446 286410 5218 4133 6334 101927289 441094 9462 4363 55816 5923 3756 5334 22881 7068 9890 161502 157 152330 51678 57188 8708 401491 130132 5793 119 1641 57731 6092 9892 166336 158219 1404 4254 163404 1996 7402 1012 2334 10123 860 55531
In-Neuron-ADARB2-NRG1-RELN	2258 30010 2897 56884 137868 23026 2572 442213 11122 57624 23426 79750 53942 158038 3747 146713 115827 137970 79698 22895 554226 116443 9568 30820 22987 23504 114786 2561 238 5649 2903 56853 158326 116328 114800 84969 101927531 2259 64919 51334 1600 80144 339788 2898 80309 9547 105 80310 3815 654 79722 11249 80731 80852 7222 79625 23254 758 55243 27324 774 2890 3084 23040 121256 8395 3479 1956 6854 51761 25834 2571 2334 341880 79772 2567 2915 8224 105376541 1607 375567 140733 401145 130576 114788 84570 337876 5797 57574 90632 2904 27303 65217 6000 348980 2893 22999 220164 442117 374860 6092 55022 153768 26047 57528 56675 23266 1131 114795 84959 5126 6529 63876 27445 26280 2906 121551 2918 101928840 3760 8708 2066 148 9229 81832 8821 26038 5101 5800 23236 9699 57512 57144 729993 2786 777 6638 51678 343450 23057 2257 9758 5218 6857 11069 64409 57482 5063 5579 3909 8503 116984 54715 10129 25924 344558 4810 286 222183 84530 157 5318 2902 84443 129684 22941 5521 2774 60680 26137 283131 54874 10123 2562 1139 2070 90362 773 153328 2131 1268 7143 9515 6546 8618 285220 2549 9734 6323 55013 23239 90134 401190 145173 59269 22852 56479 55061 127602 221692 2195 222553 9312 2554 114134 10150 1290 5796 4208 26059 956 2044 23768 2824 338645 5142 6326 7857 23024 10368 344148 285195 5799 9732 2045 152330 440279 101927289 2891 100507421 4948 59283 5305 1793 781 204962 4774 9060 10369 28996 260425 3786 253782 1795 374378 389634 100505996 64901 23362 22986 2557 124904288 56341 26011 27133 4482 9890 6002 55691 80005 5747 157627 56937 200150 7068 9448 23327 3763 5581 23732 7082 92737 55384 57554 57282 222008 116987 23189 1739 4430 5334 6869 4756 100129620 53826 1993 776 54558
In-Neuron-DPP10-MEF2C	345557 286 102724058 3355 23026 375567 442213 56884 2258 375612 79750 51454 91752 728577 57624 767 2567 10178 3747 2897 344758 389432 348980 64919 642345 53942 238 91584 137970 3763 121551 2890 23266 57604 79937 23504 221935 4810 151647 114 338645 6261 1303 112268276 152330 121256 221981 4430 23426 255743 219578 118427 3746 2561 2904 9228 83988 6638 9758 90134 6323 149297 57282 57482 57419 114786 23544 1306 83857 6854 1607 3760 10369 22941 442117 1010 130271 129684 2044 63876 84969 26031 1284 22843 860 116443 7223 55061 83698 84448 22837 6840 2690 114884 338811 26050 157627 81578 256021 23428 55816 90362 105369438 30811 55107 6547 5066 5937 2334 146395 92558 2257 30010 26468 25849 2786 441061 2571 3899 2982 27445 8618 26011 3756 51617 26040 1993 161357 90161 161502 4208 2554 1004 440073 1641 101927531 10815 79974 94122 105378858 93663 1600 4311 9956 222008 2906 478 129804 1282 57574 341880 6710 84435 130576 7903 4985 2893 9229 79827 154790 283514 9957 79616 341350 6581 90102 54715 285878 22844 11096 124925 3672 222663 7857 3790 2563 9196 101928944 10882 654790 57628 392617 170302 5816 101928616 64579 100507206 1289 400224 3601 100874221 5100 5979 64094 5744 27124 2066 26047 55711 9718 114880 79772 10873 107 55118 92293 222183 84959 101929563 11075 2774 56479 116328 401190 58512 342184 80852 200150 9645 4241 26507 55531 27324 11245 5799 83851 60495 26960 135152 57582 23040 577 27303 773 5865 2915 55966 114784 114788 146760 114795 1301 56853 51761 10486 57526 1007 9760 114800 26033 10368 81831 344558 286046 57528 6095 7074 2835 10867 90632 8224 23245 84530 256130 6857 776 55959 2892 23057 285533 57689 729993 114793 8708 5142 100505996 23105 2898 9732 10242 4254 395
In-Neuron-PRKG1-TBC1D4	30010 121551 286 102724058 2572 79750 23026 442213 3747 375567 389432 7223 91752 79698 2899 2567 4645 348980 84530 56243 2571 345557 10178 2561 23426 4810 91584 1993 6854 64409 116984 204962 2890 222183 6638 9353 9228 10242 114786 55083 114884 9568 137970 23040 729993 101929563 728577 2904 6323 57282 151126 9348 55714 53942 115827 40 56853 79937 23057 860 9201 342184 23504 3760 5066 7224 55711 2915 341880 2774 26031 83988 774 90134 3751 26038 1007 2257 152330 283455 28316 114 338811 145581 5063 129684 23266 107 220164 9758 5799 51761 8470 157627 139818 27445 202559 6326 10369 773 9699 2258 4325 161502 8618 11069 26033 149297 54212 83851 3763 23359 7903 344558 344148 23194 170691 146713 10815 221935 80852 781 57144 79772 3746 5468 80005 1793 401145 5172 55553 6547 2334 9515 4985 440823 9645 6857 1759 161357 3382 137868 776 23213 7447 441061 57528 1641 56479 26040 22843 266722 785 57569 285220 8395 130733 9208 4208 152110 9882 10349 154661 340419 60312 9881 23072 6456 1016 63876 64919 10873 130132 29906 10891 6489 22941 4212 5592 105369438 114818 10867 23242 5796 2035 4978 4430 4784 283514 9265 51059 57616 2892 2259 118611 54847 134829 79776 92558 2897 478 25924 84466 57451 148641 6334 6616 30811 55809 129804 114134 491 57582 4781 57731 2690 9912 273 7804 11278 2045 4133 84871 104 25758 92293 339192 66000 1996 2557 3756 57482 65268 401190 285175 9254 3899 84959 2902 55384 80206 6262 114880 253782 402117 1600 5915 639 2906 27303 2562 3696 23143 238 3790 9497 2554 84448 119 2913 90632 7991 2898 26059 5140 4628 114788 9462 10486 2566 222553 26468 80144 55118 285533 23500 131096 23428 22999 9229 27324 163486 9892 100874369 158219 8224 54874
In-Neuron-TRHDE-RALYL	30010 132204 2897 2899 116443 56243 114786 1007 23426 27328 2890 55083 3747 23040 10178 56853 115827 81849 23266 81832 28316 10242 23007 1131 388336 2904 116984 29953 1993 6638 6854 9699 9758 55714 9201 375612 286 79750 9312 774 146713 5799 103695433 6092 80005 348980 10082 2571 2572 2915 2257 57616 138046 8618 27445 6546 204962 9228 401145 1793 6857 57282 57528 773 344148 5066 4784 4781 8470 2913 79623 53335 5063 65217 4212 9568 26033 26038 54212 130132 10368 22895 2911 23242 2892 5801 283455 51761 4774 2322 161357 222183 57580 23194 5074 30820 9515 257019 101929563 389432 2259 3763 4978 83851 118611 114 152330 6326 6262 2898 2902 145581 5305 201266 25834 6616 57451 79971 862 26040 9628 442213 54847 57144 776 11069 79698 57482 1612 1012 5334 10369 55553 23057 1600 84959 114134 4133 84898 83857 84570 60680 90632 84871 154661 83988 57419 9229 785 27303 55619 283131 151126 53942 63971 114884 2903 114818 7447 135138 101929238 81831 55384 8395 55799 4810 1006 100874369 554226 25924 55074 6272 3745 101928840 441061 253782 285175 2045 5800 6547 23236 3738 144165 140767 23359 7068 7804 54715 3786 100507421 56884 3382 26468 758 10349 57574 157627 340533 64901 401190 1759 57731 90362 5793 440279 728215 1310 2567 3751 55530 9750 6304 5797 2557 9749 64478 220164 5178 9265 129049 124904288 2596 400456 9881 57569 59277 2895 642924 4861 5865 60312 80852 1005 30811 1129 105369438 283514 1641 140733 4094 392617 26137 57687 7223 340419 27324 6335 27092 3672 100505797 9732 64919 80144 29091 79827 79722 64754 10150 79822 2786 9254 56675 55691 23239 128434 2824 285513 7225 23446 2051 7074 639 2906 84969 26047 83259 3776 1804 105376541 5468 3479 55914 688 170302 9448 5649
Microglia-activated	54518 81704 10863 2533 11309 5788 3635 1436 6850 55843 6916 79651 54502 27143 1794 79895 718 2313 6672 10320 100506403 7097 9450 29760 23533 57705 4067 8635 10257 54947 4684 64805 7048 79890 22898 2894 105378305 6480 647135 92241 313 221472 9938 3059 4542 116154 10161 240 8476 1438 3071 105378425 972 6518 4773 1536 80216 79966 2 10184 3606 963 1441 79974 25854 118788 4137 83478 11213 259232 22998 54796 8935 953 5336 83938 6556 79705 50863 942 23242 80008 2775 7046 6711 55068 22797 3597 84251 64231 161725 4261 9951 2824 23321 114792 7903 3055 4685 1508 6695 28316 1501 9472 27185 23114 11214 2534 3428 23191 23348 139818 4857 26034 93986 5521 84978 9829 55607 6503 8633 23705 107985194 4094 64092 51555 401134 8499 323 55534 57221 9053 7409 347689 653464 57453 5321 399959 64744 9832 677 23143 6001 84966 5087 781 395 56899 9766 54625 344558 54504 59345 6239 23245 23194 64759 5796 139716 114088 100874074 8440 9863 50515 23284 8777 9781 3459 1730 3784 288 7226 4033 120 619279 57520 11320 1075 6261 152404 100379661 7096 2913 860 28232 79739 129642 4781 3687 6546 85477 4481 55084 6303 23328 220965 56659 5583 7133 5452 3977 27347 6457 57568 10461 84457 26509 26289 23671 713 25769 1756 342184 9497 152503 4915 10395 113 23765 3937 80183 79365 2891 11031 9915 1795 121601 158471 60468 374655 221061 7805 159195 8832 23239 130132 10085 23380 4045 55320 55589 2120 91404 4208 2263 1524 8569 10098 50859 5137 463 54436 54491 3684 64581 4756 642776 285513 154215 57162 81619 9771 79745 10346 6091 26052 58475 7082 29 23127 64115 4212 112616 55356 51704 160335 340554 5789 116987 55803 10079 84976 22871 118611 344595 91010 23189 1995 2066 57689 84433 645323 79776 27436 162 57554 23500
Microglia-quiescent	81704 54518 4684 6916 2894 2533 8476 3635 116154 11309 55843 23321 2824 4137 79966 259232 22998 161725 6711 399959 55068 9472 2775 23705 10863 83938 4685 50863 100506403 23242 114792 84251 6480 1501 6695 9053 28316 5521 79895 2534 83478 84978 56899 27143 9829 23114 7082 323 55607 23348 5788 781 347689 1795 51555 4857 23245 26052 8499 8633 79651 4756 1794 22982 57221 10396 23095 5796 57453 57690 9832 114088 1436 9863 120 5087 105378305 116987 54502 1756 23239 152404 4646 23284 718 25769 23194 6672 9781 6850 57520 288 2913 8777 351 79739 159195 619279 158471 10098 89796 4781 2891 4045 122060 28232 23328 129642 154215 152503 55084 313 3977 10395 23671 84457 2313 6091 6457 220965 27347 26289 647135 4915 10085 57553 57554 160335 60468 23243 642776 1793 577 5789 9915 79745 50859 4784 2263 22871 5137 121601 221061 5567 105378425 4601 9771 130132 2066 4212 287 100505894 253559 4542 2530 5602 116984 23127 344595 8635 57689 55356 445815 8502 118611 91404 10184 50515 4067 10079 23446 51704 6095 84909 23362 23254 84623 64067 23189 10257 1995 63971 27185 83700 10320 79776 645323 23762 84466 57460 3800 340554 26051 23500 10690 9745 9450 23051 9369 54463 23043 54899 10314 54806 4300 9625 347731 6529 4660 3696 158405 56957 23543 23187 100874074 11183 5435 22898 9951 57556 23533 6546 101927394 55605 53353 22905 79789 84333 57475 29970 55534 54947 9586 55182 5783 64805 4301 56977 92737 23380 1804 989 7097 64784 1287 57705 5802 55740 100506421 6444 23120 4208 85445 11141 10787 8537 79890 9223 7220 222537 101927314 29760 1000 10231 146691 5730 57578 23122 80725 56895 800 131096 3480 114805 23261 286411 2770 583 9728 219287 1438 107985194 9026 257194 54796 158135 1740 20 9649 64849 4642 10580 3092 85458 11214 93986 23345 10243 8871
Microglia-vascular	3043 3040 6521 6708 3039 212 6005 2994 3042 3045 85413 2038 4778 51327 6510 1870 2993 105371455 4288 7153 55363 10661 151176 10107 7052 150468 10644 1379 2996 759 2995 9833 6886 1063 64151 25893 420 948 140876 85462 7035 338596 23397 57082 3554 101927708 3676 6513 22974 9429 6006 6007 8140 259266 10320 7037 388931 254102 5292 965 7036 645 317671 3145 10257 286 51203 6710 56829 2040 10721 55544 9055 112597 4121 387890 3005 55240 1062 89874 30061 139716 100873962 3635 6583 2057 2035 115123 92597 11213 81558 8531 2766 2146 1193 51312 682 9958 54997 22837 8395 51629 55589 5101 4684 287 9863 51218 1894 847 25825 55789 6794 1378 4005 55796 3792 253559 1740 6672 669 11163 91543 64067 66008 6491 4154 1501 342372 577 23705 5521 10422 9712 8459 50863 222484 114625 57552 4052 5606 4045 6536 2894 1795 56261 57088 23327 667 10051 128989 348645 115548 2824 2054 9693 56180 2235 4685 56899 4299 219333 10276 50807 23095 23389 116154 5789 81544 27102 7150 9472 23321 57610 55068 114793 10260 84978 760 23245 10347 7450 161725 10396 3717 28316 23362 3672 6622 26052 23240 4137 55568 388815 54874 4140 288 22982 54058 53353 7389 23242 100506403 23365 79966 4354 9910 2033 23456 5142 51555 2039 3688 51776 2066 80853 6695 259232 399959 8301 157680 55553 2313 84669 999 65125 255967 11141 9053 334 22871 63027 8499 51274 81624 9491 27086 1004 116987 51430 23284 347689 221895 9091 10243 283450 56992 7112 5602 114792 2309 2891 55320 140609 8633 89796 154215 4756 344148 114088 1756 8428 55432 2775 3098 204851 57706 781 23048 7148 92521 55607 55030 9258 2651 101929295 2730 57466 6541 152404 57453 51741 160335 53335 206358 116151 55016 7027 8027 23254 283131
OPC-A	5156 84465 30010 375612 1462 338645 65217 4661 56934 64093 2897 105378311 10242 9037 55612 202374 4325 1301 55959 23544 7143 22854 103695433 645591 100506457 22986 1630 102724058 8516 57419 55022 1297 6323 196051 5803 29951 101927293 55553 105379054 100499467 63827 3751 339479 30820 55083 9053 83539 27185 129684 121256 1826 54212 2913 10457 10203 50515 100873949 744 154215 92293 10178 6328 105378516 64344 57633 152137 266722 11031 56243 57698 26033 238 2915 120892 90362 10090 114786 2257 83938 81615 83716 64131 161357 2917 137868 11122 22998 5067 27092 170691 130271 1608 56288 23414 143872 23026 116448 6546 2263 146395 79658 84632 160335 114815 729993 222553 114788 201266 3556 23072 2260 55351 10752 23500 256435 6935 10082 57502 9423 4978 2259 84239 4642 10777 445815 155185 57514 773 10188 11278 27091 286183 4082 144453 2898 84623 1600 4214 53358 6505 84966 5099 9760 5396 4133 10656 9699 64759 11069 1287 5793 83988 2060 10675 22822 28232 55314 55790 10485 4916 79789 114134 60312 85445 6457 9771 6506 1012 80725 6660 2115 8522 23037 80059 4035 343450 8715 1124 55182 1008 2899 4897 283131 90627 147495 80133 114784 4983 105 101928583 100874018 9229 1902 117177 84976 57484 54762 4336 202333 143458 9705 9672 54886 342035 8826 285175 163404 64168 7837 81563 222537 1464 81848 655 2571 1272 477 2895 11057 4643 6326 57482 2892 7010 11281 5136 285382 100128590 5593 8622 10579 57642 9717 204962 79158 1730 3709 58499 590 10507 221458 100506474 6335 776 6000 6579 5791 101101773 5218 8994 1956 114805 3778 729732 1806 1390 5010 64478 2823 338811 100874064 2119 23313 347 3910 55103 23034 2674 27303 2587 728215 57537 84441 10391 23302 57626 10882 10351 91749 127138867 8871 114795 4745 460
OPC-B	5156 375612 84465 30010 65217 1462 338645 56934 2897 4661 64093 202374 10242 55959 23544 7143 9037 1297 4325 57419 55083 1301 22854 22986 30820 27092 1630 146395 55612 5803 55351 55022 121256 129684 8516 238 1826 3751 196051 100499467 27185 2913 83539 55553 23026 9053 54212 103695433 6323 10178 339479 266722 9423 92293 10090 29951 84632 56243 50515 64344 101927293 114815 83716 114786 26033 170691 2257 84966 11031 57698 105378516 2915 64131 161357 81615 155185 744 79658 729993 2917 1608 152137 154215 57633 11122 90362 23072 23414 221938 2263 773 22998 6546 27091 56288 143872 2260 222553 100506457 10203 5067 144453 57514 6328 114788 10082 4978 3556 23500 10752 2259 120892 256435 6505 6935 286183 130271 53358 10777 4214 201266 160335 57502 11281 64759 55314 5396 445815 60312 2899 1287 1012 4642 5593 202333 1464 114134 9760 1600 11278 137868 9515 9699 84239 6457 11069 2898 64168 5099 6335 5793 4133 222537 83938 63827 23302 7010 117177 4842 10188 54886 8715 85445 80059 7837 84623 2892 23037 10656 80725 3910 2060 1124 114784 1008 6660 79789 4745 6480 28232 101928583 10485 105 6506 343450 4897 55790 8522 655 8826 4916 9229 57484 2115 147495 57110 143458 22997 2571 2674 342035 1902 4336 8994 10579 84976 5799 55182 27115 204962 1730 1956 4983 23034 8622 641 9771 283131 5136 81563 51196 5791 9019 2895 55384 4643 9672 64762 6326 40 9717 81848 1806 163404 129080 5332 221458 8470 285382 1272 57537 407738 5010 6579 64478 10507 23236 93145 10675 101101773 57642 2977 27303 776 6000 728215 5218 26207 84441 83988 10129 9705 338811 114805 4035 57699 84168 57482 58499 10351 59277 285175 11057 2119 9723 162494 9162 5337 100506474 8871 3778 2893 114795 3709 54463 23179 23313 9580 85300
Oligo-A	101927459 5168 9705 4336 1902 6579 5010 4340 131096 3778 10351 83641 64399 101928583 93377 79789 8537 7368 9745 51148 10659 10529 23150 4897 57477 2346 79152 23092 4916 7018 9586 55182 56776 108 745 55314 5337 84735 118611 5793 2560 1272 7068 3983 387486 2823 57475 6900 54443 116931 23236 57118 5354 166614 55790 283547 1287 7444 933 491 728215 101929423 4217 79628 29 1267 10752 6660 5218 63895 23768 6935 10160 222553 4482 26011 11278 460 81563 114880 100287225 26040 84871 3786 1608 4133 114795 55799 1837 2861 140733 100507421 5046 51090 5137 6000 441094 20 23500 445815 8708 10718 443 783 8715 28513 4208 8997 57476 10217 27303 342035 66000 57451 9208 8871 253782 57484 26207 56650 100874369 4099 127138867 4036 5435 55619 120114 3899 1620 1008 27296 8291 5099 50515 5129 260425 25834 785 286046 286827 5860 27445 5140 1363 9378 285175 11155 773 29119 80005 8404 221458 9229 1946 10580 79899 7102 5362 1612 8618 11145 9725 55604 4118 55885 166336 375449 22906 64754 2065 23187 50649 5799 6319 50859 400954 51422 23002 6653 4155 1496 94015 22866 9892 23024 55074 339479 3631 219287 3751 6546 221692 344558 3673 2259 22874 3092 22999 57571 22873 121601 9760 23576 80003 3920 23034 80790 80206 10085 776 8821 7143 7204 9515 1124 25932 102723370 57502 401145 5592 816 744 4139 23120 23345 55858 100507377 4983 57496 6506 4862 6709 1826 5066 101927768 2562 54899 2898 659 85440 285220 6457 3752 285671 818 23230 100128675 6249 27115 286183 100507336 54212 114786 333 57471 84623 100499467 3709 129684 729732 10873 57528 23040 158471 374378 4643 440823 642987 79602 283455 201134 11069 4642 2257 5596 2915 774 10144 55752 56288 9462 84168 2904 143686 55690 57698 1806 1123 23072 89795 6326 2555 28232 26030 114134
Oligo-B	115584 220416 88 4036 3673 100289137 54443 5923 100507336 63895 11155 56896 133121 101101773 79899 79628 101927641 105375483 5129 933 4336 2346 4340 5046 57477 5168 102723605 79152 57571 5924 83641 10659 10351 5010 7368 342035 9725 8549 6579 8871 4643 1272 10529 4897 54820 127138867 5337 1124 101928583 4916 9705 2560 25780 7444 220108 7018 6900 8537 51148 108 55790 107987108 4217 3778 728215 3983 443 2823 29 60484 85445 5793 1287 124903732 107986298 101929423 10160 27296 23236 23120 57118 1902 745 491 114795 9745 222553 286827 6660 6935 131544 23150 10752 20 100507377 5136 23768 58504 118611 4211 9873 114880 221458 1608 1496 5099 81563 55799 101927043 283547 79789 131096 80725 57475 23500 55314 56776 2065 57471 26207 285668 4099 11145 11240 8708 6696 116931 441094 57467 389337 55182 645323 57636 10165 1318 117584 3786 9717 85461 4642 84871 8715 56650 4208 57451 9586 2934 10718 1501 23414 56895 140803 10580 50515 783 145270 7869 120114 54149 25834 5530 94015 222223 5435 11046 80303 80781 7942 55604 57484 285286 8404 79602 23232 5354 79817 6319 55227 4915 1620 5587 1008 5140 1363 1612 9229 55885 7456 643965 57476 1946 5362 8826 79993 27303 460 79870 3988 57556 9770 154043 6773 10984 825 125061 9760 221178 10129 5137 253832 3709 285175 282973 862 10966 339479 2861 10420 23024 100509894 9625 23303 286183 9037 5638 221294 23187 333 56994 23555 1371 11322 219654 344558 2263 79905 26022 80206 9771 7068 23241 22866 23460 57628 6709 6285 6506 221184 10507 51422 253782 2048 55619 114907 23576 64423 101927134 119587 1267 84466 57480 10314 9181 55556 2770 6414 5799 80820 100287225 5803 4862 6546 81553 7145 80005 50859 84915 105369550 6457 64849 285220 27115 102723370 11278 114134 84168 23043 51228
Perivascular Macrophage	54502 2313 10788 9332 2162 8942 51338 2268 6614 221472 5788 4360 7133 81704 55843 54757 5552 6850 10320 23166 64231 6672 3937 6503 5175 3059 118788 6556 11213 23533 1890 7097 643680 2533 3587 1536 4600 54518 10859 94240 7127 7409 3055 6916 2212 4067 25816 255488 1794 4481 1520 64581 64092 58475 837 92241 963 22861 5336 10475 3635 89846 942 79651 100506403 3676 22797 3071 115891964 11309 3683 4542 9050 11214 54504 3687 1535 139716 972 4261 240 7048 57705 9938 83938 112616 93663 1075 9056 1601 7805 9863 3936 348645 7402 9473 64098 313 84034 5101 3566 54625 1436 4684 253559 1740 5521 113 1378 3600 2120 6793 4685 283349 283316 1508 79890 7903 83478 6303 1501 287 1441 56899 577 50863 26052 7082 4045 80216 667 54436 5789 283131 10964 64067 55647 1795 2894 139818 79966 9053 23705 91351 22998 9472 2824 8476 84978 64744 23321 399959 10019 26509 4137 54739 752 28316 51555 4646 114792 23242 254102 6695 116154 8633 288 259232 116987 6688 2775 79895 11141 2066 161725 154215 6239 55068 5937 56829 25769 347689 4756 84251 23114 23284 342184 5293 9369 55607 1522 9829 781 4857 8935 10098 284996 4121 27185 100379661 23239 53353 960 3428 5796 8499 2683 22898 219285 3784 114088 122060 10085 23348 1438 79739 10863 2885 22871 1730 159195 5087 55803 4781 93349 2289 57221 57689 152404 4915 64859 57453 23194 9832 10396 5602 10243 57690 23671 50515 23245 2891 57554 84457 158471 8777 23254 23092 50859 2913 6778 26289 3133 6711 23446 1756 23380 22982 323 89796 1326 11031 84166 10395 56606 51571 101927394 121601 8202 54103 220965 1112 55084 84898 388815 9958 6457 1808 57520 6095 10161 9771 23243 9450 642776 23095 2180 6091 221061 84623 64759 10135 9915 23127 64761 353345 89795
T-cell-mixed	5788 5583 10788 8631 55843 10320 100506736 919 23224 2113 2533 94120 84433 10225 81704 3635 9595 6793 25816 154075 22806 440193 3676 2313 3702 54518 6672 29121 55784 3683 9402 23533 963 864 133418 149628 4542 7048 3936 399 123036 100130231 3106 3937 22861 256380 100506776 80342 26191 51411 147138 5552 9744 114836 100528032 89846 116496 202 286530 3932 914 5729 5551 257106 79961 7852 165631 923 397 255231 26136 969 115362 7535 6352 4818 3689 3575 9976 84636 137835 100233209 489 168537 26112 79958 6693 57194 64092 6503 6775 56829 1535 7294 3133 1794 9938 7409 100188949 7133 4773 64919 5293 11118 10417 841 387357 92241 5341 84174 100506403 3071 2634 84166 10125 976 79668 139716 285513 4739 3107 960 54331 80709 401124 11119 7402 128611 4603 10346 3105 313 3059 79820 896 3669 639 197358 694 4478 162394 3587 9262 3718 7805 283349 567 868 11186 80310 23157 11151 9750 752 9263 3134 4154 1075 9863 11214 91523 11278 3428 5101 7903 287 91526 6789 50515 393 1729 3824 139818 113 11262 5588 253559 1740 965 114793 64167 56990 5747 667 93349 246175 64067 7082 4685 577 348645 9732 10123 4045 2534 57674 50619 50863 23180 6925 112597 1501 678 8476 2824 5336 2894 9910 5579 56899 29969 9472 7188 10451 22982 81539 92797 1795 26052 27436 23321 5789 80830 23670 6786 388815 116154 2035 399959 22998 5527 23362 161725 4684 80008 7325 9444 23001 9053 6695 11141 79890 5908 55704 54625 7040 1112 8633 112616 84978 259232 55068 28316 5873 57584 79966 55016 5922 84251 344148 154215 23284 219285 55013 4137 23242 64859 2683 2549 10666 23239 89796 114876 6515 987 4267 6272 59339 347689 5796 351 323 118788 23705 6641 53353 1808 51555 55196 2889 23240 23347 23114 9223 23446 57698
T-cell-parenchymal-1	100506736 8631 9402 3702 22806 100506776 114836 149628 864 3575 914 3932 10225 123036 5788 100130231 399 3676 55784 9595 10788 5583 154075 10320 3683 286530 256380 84433 25816 55843 26191 2533 81704 919 94120 23533 9744 387357 3937 440193 23526 80342 257106 147138 54518 92241 2313 6503 3635 23224 2113 79820 56829 4739 1794 963 22861 51411 64092 3936 89846 6672 133418 5293 202 116496 4542 64919 3106 29121 6793 960 100506403 84166 9938 80709 896 841 11186 965 7402 6775 401124 79668 4773 868 80310 128611 162394 4154 55013 10346 567 6789 3059 976 348645 93349 9262 285513 91526 694 283349 313 29969 64167 139818 91523 23157 3133 3107 7903 7048 10125 11214 4603 9750 8334 92797 8801 3428 6641 678 3824 4045 57674 11262 89795 54331 10718 54941 55196 50515 2081 3778 9263 55796 4897 92106 5890 5588 9910 101927043 2869 5873 55619 4478 1272 472 56776 2683 5305 10666 577 9844 11177 728215 2534 56990 5334 79890 1501 54625 11322 116984 55799 6480 4916 53905 11278 9829 1496 6000 9378 5906 127138867 8837 222553 143 10628 22821 80714 4336 2124 91351 23225 5793 10529 2560 1729 2823 596 7456 246175 55790 23240 3192 79899 7430 1806 30011 55182 100507336 83641 4363 5937 105375483 23768 4124 642776 5099 84871 145508 23670 7109 5168 101929423 987 491 7068 9839 27347 285175 9679 2889 100874369 6310 54899 5046 53353 256021 10625 50649 27436 23253 783 1363 26051 22900 101928583 115584 5613 5602 5129 10396 10160 57484 3786 55729 5908 3673 83605 9267 8826 117584 57451 9725 55858 84456 4642 404093 3993 108 22866 6579 23019 10752 2259 122060 54851 8715 89853 286183 7018 4036 4249 3092 23387 114880 124903732 460 116931 219771 9515 1608 54443 4155 9705 100 5803 8440 5337 23348 1946 25769 23024 4643
T-cell-parenchymal-2	22806 100506736 3702 149628 864 9402 5551 114836 914 84636 9437 4818 962 9214 916 6351 7535 3932 115362 100506776 8809 51348 6352 8631 5729 3683 168537 26191 79961 9595 54855 165631 100130231 64005 489 154075 5734 94120 84433 55784 286530 10788 399 84941 256380 255231 9744 89846 3676 5788 919 10225 23533 10578 10320 5583 2313 923 55340 6693 80342 147138 440193 25816 137835 5552 55843 3635 197358 55303 100528032 8519 241 3689 26112 10417 2533 7852 5341 7133 54518 123036 3937 4542 2113 51411 51316 9938 3936 23224 9111 841 133418 7128 100506334 202 397 963 9953 5293 3587 139716 11186 6672 257106 3133 84174 93349 960 7048 284207 752 7409 837 7294 6775 54331 401124 6503 6641 3071 80709 4739 92241 6793 11118 2634 3106 843 10384 116496 3059 81606 1535 162394 567 639 3105 3107 3134 4773 5778 313 84766 414149 79890 80830 10346 1794 79668 283349 100506403 11151 9263 5336 80833 22861 285513 171586 29121 4267 139818 219285 64919 100506885 84166 6515 4478 92797 29969 80310 54739 7402 79026 81704 10627 57194 1729 3824 7049 2316 257068 9262 50619 10125 896 85415 64761 6494 1075 10123 9750 11278 868 64167 3490 976 286464 1051 79156 23670 3718 135228 56829 7805 2247 5292 10095 353345 10451 5829 8671 85439 57224 9249 3659 79132 128611 91523 202151 1326 221074 2737 83593 5276 3669 60436 26207 1374 83733 8601 6563 151636 57326 4343 339789 11119 59339 10161 64420 10938 10413 246175 3428 3613 8424 100874222 6850 8556 63976 10461 6480 5992 2534 7040 311 196047 9760 10666 952 797 7290 57139 56301 678 64778 361 55615 393 8934 2683 694 11214 6506 84152 84059 4154 10991 11253 23157 5873 4067 100874047 4772 79888 658 6263 3398 10335 283551 50515
ambiguous	404744 3358 128553 8516 1004 131034 101928114 2918 7092 79750 402117 9951 93986 100885789 1129 51334 124902439 1303 118427 29953 11249 157376 80309 9312 57624 151126 116328 375612 338645 2690 90102 64084 64919 57604 22895 9914 9723 389432 80144 91584 343450 158038 554226 389634 5801 101928840 1428 40 116443 152330 1016 2567 56243 348980 144165 23426 30820 56853 143098 337876 9899 9079 57144 148641 100506457 154075 23231 23040 64901 285780 9201 4745 53335 9758 57616 222183 5063 6456 10486 54437 285513 1630 54847 168667 554202 6775 55061 1996 54769 23108 11122 3763 57512 2903 442213 344558 54212 9760 729732 2914 56884 202559 100506474 2899 5915 5799 25924 10777 54566 55530 130367 8618 56938 161357 8497 400954 79623 154790 644150 124904288 54549 6262 5121 9060 64388 102723526 3274 2078 140767 5787 10203 1600 286046 100506994 81792 101929544 948 55384 285154 4033 101926971 4948 105373538 729830 22925 79827 8013 160728 53405 84109 84433 105370401 79180 27132 1395 92196 10739 439941 64866 2322 109729133 101927708 64787 101929745 387129 114801 353189 646486 1295 2556 124906525 1139 2044 22885 90134 171019 2888 9066 8470 5126 4753 26059 10446 9912 266722 23333 2915 773 2115 388662 84871 27255 81831 7226 7424 10954 51059 54715 9228 9957 11069 84620 51761 2035 6616 119 23314 221935 60680 23359 9568 2561 1826 25834 85379 2045 26038 9699 27445 1006 79703 55103 440823 3760 814 6000 23072 145957 9444 5593 785 6326 4008 146713 123591 5140 257068 2977 2904 5218 6857 653247 57282 124925 6546 10409 114788 89795 157574 9615 26040 221692 774 5325 55691 10814 84033 6304 10082 283455 2562 130733 10349 10659 81624 26960 6586 6489
low-feature-cells	344148 26137 6938 2530 28316 28996 55914 347689 79966 23239 214 57688 80005 9444 9839 283131 5305 23194 23387 160335 51741 55619 64067 2066 5142 55384 5521 9448 26052 5101 2272 1793 285195 23705 989 23048 4684 29994 285527 9732 159195 22882 130132 23446 5151 57609 55858 118611 6446 80333 254827 4756 23150 50863 114792 63971 2824 4774 23328 3092 84466 23097 23233 10085 79776 55819 8850 114793 667 54558 116984 2263 54899 8847 9846 58155 9745 84978 4155 323 4685 57580 23500 11141 55314 23189 51704 23122 2894 54453 122060 116154 9053 23120 55182 9844 101927394 8301 115825 256987 1998 3516 23678 57475 116987 11183 114876 10404 259230 26053 5663 138046 23321 4124 56987 2549 9863 8633 6529 23187 50859 89796 3977 23001 6507 1287 10165 54715 2934 131096 84146 54816 7082 8537 152404 4646 554203 5962 201266 91526 9586 7403 22905 9926 60468 55636 79789 10806 6272 152503 29119 9478 117584 2060 57507 55227 79602 11342 5137 54467 57698 56957 89853 9705 6695 9765 8546 55331 3920 473 902 8555 5890 101927768 5795 101101773 22982 8738 5334 55556 2913 219287 57556 1902 286053 23362 57477 84457 7368 10396 4601 219654 11016 399959 2534 64762 101928583 2776 84909 220965 5168 114883 120 9873 7227 83641 23429 6925 23303 324 4026 196528 8110 84441 26275 4336 23127 5435 92017 84333 55144 84938 4212 23258 1739 79152 221178 121601 9829 27443 596 619279 57492 10507 55031 132864 55023 6857 9026 394 9779 5495 287 728190 91833 63027 440823 26133 9043 10395 4660 23232 5046 96459 7018 83989 5578 10314 140609 124540 55356 9472 23405 98 105377623 26009 51735 8648 3344 583 11124 28232 92737 10157 79745 6788 7562 9639 121665 253260 1806 23389 25836 5654 9849 5010 57522 5520 10499 83737 2788 5730 445815 101927314 20
