T-Pericyte	6573 6539 2918 5745 81035 151258 57125 80760 3355 10052 79658 6641 8490 5159 55532 9934 22998 4430 6540 140876 1879 4811 124909494 51196 477 7222 143872 4854 1285 257019 401474 5521 27115 4684 220441 55022 4301 8622 10090 5293 10723 7273 11030 1368 10319 64094 22837 9732 2869 10098 2824 4685 283383 9844 1286 57105 23705 1004 10396 1795 253559 9472 1501 2262 5592 1634 11178 114793 6695 54039 50509 84978 753 57221 4781 116154 5101 56899 1607 26052 343450 27185 395 2059 50859 5332 259232 5789 3908 9265 288 154215 27143 7223 160335 23224 105378858 159195 114792 28316 51555 55016 7035 23242 344148 55824 9053 25769 10060 4137 23243 9369 158471 3977 55243 6529 10350 6764 57698 57381 57685 4155 1602 9829 8515 388336 347689 57556 6446 22801 5795 214 2891 7402 63982 463 100874369 4915 56288 3490 57580 114088 57688 2530 8701 64067 57520 2066 26051 4857 3480 744 53353 287 256435 57554 2687 6507 93986 23189 23287 6457 26509 25966 8821 22925 152404 9828 54997 122060 23671 57689 51571 23150 79611 27147 22871 9915 80790 10217 10079 23500 3983 6909 90102 26037 1124 4784 5567 1496 84457 1000 56977 5351 116984 8502 8825 5354 84623 55314 23446 55740 10580 9037 9902 8871 23762 100132891 7145 9901 10718 3910 558 57477 9026 121601 152330 57572 23245 1119 51176 5139 9378 4756 7026 800 29091 118611 9586 10129 728215 2263 26289 55144 26047 28 23321 4643 55607 64150 23097 55799 9267 253782 79602 79789 57605 84466 7074 286411 65983 221178 9745 25959 23127 1804 55790 9625 57609 4212 5728 10690 89853 257194 84333 9705 386617 9759 5143 57475 11252 11141 85445 133522 7018
M-Pericyte	151258 6573 5745 3355 55532 4430 5159 79658 8490 257019 22998 220441 1879 51196 4854 10052 140876 9934 4811 143872 9844 6539 80760 6641 477 57125 283383 11030 4684 2918 5521 5139 1004 27115 401474 124909494 1285 64094 4301 4685 22837 1607 253559 10098 395 10396 114793 100132891 1286 23705 2824 8622 1368 25966 5592 1634 7222 2262 6695 84978 57221 6909 1501 50509 56899 2059 80731 105378858 50859 11178 288 259232 5332 154215 55243 114792 5101 9732 2869 23242 51555 343450 53353 160335 26052 1795 159195 9037 3490 55016 4137 23224 9053 25769 8821 4857 7035 9369 90102 9915 100874369 64067 7223 23243 57698 158471 9096 3908 57139 22871 57105 9628 2891 463 7402 81035 7026 114088 347689 753 54039 57556 26051 9829 9472 2530 28316 57460 6913 57520 214 558 1602 9265 5293 64759 56288 256435 152330 6529 23245 23150 6446 6581 541471 152404 9457 6457 23671 5795 4915 344148 57689 1284 57554 57580 1119 10723 23446 1282 4155 122060 29091 1000 6586 116984 3983 116496 3672 182 1124 57685 1496 4916 51571 10718 55182 10319 23287 5354 5937 83716 4781 23321 55314 4784 84623 8654 8825 6764 79789 57477 1909 9378 254827 7145 3480 6540 2034 9026 9901 121601 4756 10079 8871 744 800 55144 26047 118611 2263 27143 8502 84457 22925 23500 57553 3977 79602 286411 5567 89853 51776 8395 23762 7074 116154 10090 9586 221061 9745 9828 10580 1804 5789 56895 84466 5142 57475 257194 10690 4212 23097 23127 56977 9267 221178 386617 2272 57584 55790 253782 9705 57381 54453 23043 89795 57628 9625 54997 1838 28 57609 7018 5728 55799 783 79776 645323 2687 83857 101927768 85445 80790 80333
Pericyte	22998 6573 5745 151258 26052 9732 401474 9844 4684 5521 114793 10098 4301 10396 4685 2824 753 253559 9472 5101 23705 2530 477 1879 1795 1501 159195 79658 56899 57688 4781 160335 3355 6695 116984 9053 287 84978 50859 8502 5567 23243 57221 80760 64067 154215 23446 259232 23287 114792 288 5142 9829 2776 23321 4857 28316 51555 116154 23242 57584 4137 26037 351 55016 5789 25769 10052 3977 57609 9448 344148 55704 9369 4811 214 3480 57580 6539 158471 2272 114876 55914 10150 2918 5592 57698 57556 347689 79966 5305 2891 5795 1119 4155 23122 2066 4756 51701 51196 6446 89853 79602 23189 51571 5159 114088 4915 23097 161725 9915 122060 57520 57553 10079 9267 26051 22982 84333 4124 9759 57554 23150 256435 23613 1000 8499 23095 152404 11342 11030 23245 5128 6457 5530 23671 22871 55607 55144 4784 57477 23678 53353 50863 57689 81035 445815 324 1496 221061 11141 10580 3908 56977 55331 1838 124909494 55858 27115 253832 84457 100505894 28232 2059 26275 5354 29091 55314 2549 140876 3983 135112 80790 10718 254827 9846 989 132864 55740 56895 4430 619279 84623 1124 9926 801 221692 26289 100302652 4643 8622 54899 8871 121601 23362 1740 89795 9026 57475 2775 9378 23762 9934 221178 9901 56995 23043 143872 22837 23429 120 57125 220441 23303 2263 23233 7402 57460 84253 118611 3920 9586 2262 55532 55068 55182 65110 60468 4045 8490 9625 8850 463 728215 64762 1368 29970 286411 5445 84466 23127 221294 9745 56288 10690 386617 6641 4212 9832 101927394 23348 55619 26047 7018 1955 55790 285195 961 2887 84938 158135 79745 481 25924 10314 9705 6529 2131 80333 1804 79776 9444 100874369 645323 7074
Pericyte-2	6539 6573 55532 8490 5745 151258 57125 9934 4430 1634 5159 2918 1285 7222 4854 6641 3355 1004 220441 64094 10052 81035 140876 79658 124909494 1286 80760 4811 7035 51196 283383 257019 10723 143872 395 57105 6540 644135 1879 100132891 5139 22998 11178 7223 7026 80731 11030 90102 477 1607 27115 9037 55243 10060 22837 50509 105378858 343450 10090 57381 2869 10319 100874090 9457 10350 8622 4684 5521 1602 9096 1368 8654 744 79611 3490 9844 25966 54039 3672 1278 6909 1909 4301 5293 2335 152330 2262 401474 9265 54997 5332 27143 4685 8825 57685 22925 23705 6913 8821 5592 55022 54861 253559 2983 221303 9828 101928404 3910 7273 122786 2059 6764 541471 23224 8515 10098 64759 2687 2982 51751 6695 23371 10396 2824 5937 84978 5074 1501 3075 57221 1282 55824 3908 253782 288 93986 7545 259232 80332 23180 114793 50859 154215 23242 100526832 145820 1284 2113 114792 400456 9902 1795 558 57139 182 6678 26509 51555 51176 25769 100874369 9628 56899 133522 6529 5764 3679 4023 51776 55799 57801 7402 463 4137 7145 10217 57630 53353 55016 158471 57698 10129 56288 344148 79839 6507 27185 28 2891 55742 9369 5101 65983 160335 23500 441094 65059 9053 51477 55803 2977 2690 9472 79789 83857 221395 6581 7078 114088 4810 143686 10054 57520 26051 79940 753 27147 10628 116496 6446 25959 256435 6457 1292 152404 5795 4915 57689 22871 9732 23243 55075 347689 85004 783 159195 9915 57556 5396 23671 2913 8395 19 6935 5563 11343 11214 23493 6769 214 4155 116154 79785 57572 114897 105377443 57554 11252 23704 85301 1496 6840 55314 9749 252983 80781 8440 5354 1291 5143 65065 84623 4784 54407 11278
Oligo-A	9705 101927459 4336 131096 9745 5168 55314 8537 118611 5354 4340 1902 101928583 7018 5010 7368 51148 57475 9586 64399 5793 79152 4155 57698 25769 2346 6457 83641 6900 387486 10351 55619 121601 158471 93377 6579 23150 27303 745 20 5046 1267 54443 84623 6935 283547 10529 55016 1287 84735 5435 288 51555 5337 342035 23092 7402 933 63895 23671 6446 101927768 84978 219287 344148 80005 79628 100287225 5860 6695 11278 23120 26289 221458 6660 2263 122060 55182 5137 5129 29119 2861 22871 9053 347689 443 85445 50859 9625 3920 101101773 9829 114792 10085 28513 4036 54899 23242 56650 84466 56288 154215 8871 274 4099 4118 5332 79739 79789 6319 2065 27296 23127 28316 2824 57453 23321 4685 9369 8404 160335 214 11141 286827 4684 5789 4208 333 8470 57520 374378 5066 80725 23446 94015 26207 9462 54463 5521 11214 64168 57571 10507 9472 22837 222537 5730 23024 23143 79966 5142 10396 201134 3983 84898 51704 5937 9738 57477 11155 11145 51090 57496 8291 2770 23236 10160 100509894 100507377 105378858 29 9717 83700 8997 260425 3899 64067 5101 10659 11069 9882 23500 93664 6696 220108 9725 57118 56899 1124 57471 259232 79940 10314 4862 100128675 26040 5362 84938 83857 10186 58480 55068 23705 2913 253559 23224 100874369 2034 9926 1501 116154 445815 3988 285668 659 27345 152404 55356 7444 56062 166336 4217 1879 23216 1956 4133 4916 144402 2775 7168 130132 8522 5027 8633 23097 375449 79899 6091 64359 57554 287 64344 5592 343450 55858 6414 116984 4124 4137 825 5305 84899 117584 4815 23266 481 85449 4163 54886 79953 10580 3490 3673 23187 5334 84504 7204 7869 2894 23345 161725 5414 79776 463 83938
Astrocyte-activated	84059 5992 339789 6263 100874222 6563 286183 658 6506 2670 108 85439 10418 5803 56776 25834 50649 361 80036 8601 2823 51321 169792 79781 25891 2560 9413 26027 127138867 4897 84239 80896 83733 10335 3782 8671 26084 10718 105378763 202151 151790 57628 166647 374977 120114 2139 63976 7164 1272 23286 64850 105375405 1496 2262 9378 10840 55553 116931 222256 10485 100507524 65975 9211 3778 57451 1462 55604 162282 23418 57224 5596 323 1612 114 3691 101926964 216 4915 8708 101928989 2737 4257 2202 23205 79611 23043 1837 101927314 89795 1191 4212 89932 94097 220963 10690 1002 339541 5592 818 1608 8496 477 645323 112885 28316 57619 55790 729085 219736 10768 64344 84133 3983 2138 6096 53353 2261 53919 100499467 9630 166614 8613 9844 3707 26018 491 56963 26207 23576 84532 79627 1501 26011 9771 285441 399715 55885 123041 445815 284217 2066 348094 6507 221938 57685 23348 100874047 6558 4217 22836 51760 444 56171 85440 114795 81563 23022 57477 254295 84871 1809 1363 23657 3371 2697 2887 84249 56288 728215 2247 5276 148 1946 79632 5990 5924 54762 114885 2555 221074 64067 84168 115123 10752 8139 79971 960 285220 460 5521 4129 65983 11170 196047 5270 50863 4642 9229 284434 4983 79776 101929709 129080 55268 101101773 10160 6542 253559 83999 117583 148198 152503 3709 22866 5396 23382 440503 501 29 10580 4853 23002 642987 7042 8502 4916 57348 55366 5569 100506885 81578 10085 9760 5730 23705 56994 5334 27152 83478 32 5602 1463 26051 100507421 286464 441094 6653 23175 59271 767 6640 94121 23189 4045 5080 4038 285505 4684 10529 604 6867 79026 23007 10659 79993 677 124906016 9901 23305 7099 285590 51129 642776 2565 2550
Vascular-SMC	4629 6586 5139 22998 9732 151258 9628 79658 9844 1879 11030 577 50863 83716 10098 89796 6196 8395 116984 26052 4685 4684 201501 2824 25802 220441 114793 10396 5101 2272 23705 5592 2534 51196 93649 1808 159195 160335 4301 182 84978 2530 64067 57221 6695 253559 4162 399959 5142 63027 4857 9096 57460 1284 3355 401474 1282 53353 55182 259232 5159 154215 23037 288 23362 9457 9369 23446 2913 51555 23242 6581 6507 90102 1501 114792 4137 55068 395 4052 347689 55016 28316 5730 84898 50859 23245 1119 79966 89797 57453 55704 463 5137 22871 6909 100874369 23321 116496 9053 9832 3164 57556 114088 23150 8516 4854 2891 25769 120 59 9510 4124 23613 26051 351 344558 2059 57520 8470 89795 56899 23348 783 4155 57609 135112 122060 57698 23243 89853 57689 5789 5521 344148 57477 1000 7402 57580 26115 9915 27145 55144 79602 22837 6925 55819 2776 55243 2316 9829 256987 56977 80781 23224 23671 285195 6457 29091 221061 254827 87 2775 9267 23097 4430 54899 256435 57554 152404 9444 5144 55604 100505894 1004 23216 5354 4756 10718 1124 57475 1496 23678 1838 645455 84623 57584 121601 26508 105 253827 5128 5567 23095 7586 129642 9026 11183 221935 9378 55314 84457 9901 54453 1995 6446 8502 5795 4916 171024 26047 9781 56895 56172 118611 23179 11141 161725 2263 253832 6711 23287 10398 134957 286411 201266 6840 5924 10129 10231 9745 7074 3983 9926 2823 636 3490 10611 152503 55914 23127 10079 84466 1804 5435 8850 2037 10690 79776 9586 257194 7018 800 54558 55790 386617 80333 6641 3920 1272 116154 22849 101927394 5530 4784 55619 57628 4249 23284 9705 57578 6876 645323 51776 57600
Arteriolar-SMC	6586 151258 79658 5139 22998 3355 4430 1879 83716 9628 51196 9844 5159 11030 220441 6581 182 4684 257019 10098 4854 4685 5745 9096 6909 253559 143872 5521 8395 10396 114793 4301 401474 23705 2824 116496 50863 25966 1004 4811 55243 5592 26052 6695 22837 57221 1284 10052 1607 64094 84978 395 56899 50859 288 4857 160335 5101 154215 9732 2059 114792 159195 57460 23242 6573 1282 55532 259232 51555 53353 25802 3490 4137 55016 25769 541471 1501 64759 90102 55182 4629 64067 116984 783 100874369 22871 9369 80781 9915 201501 93649 347689 57139 28316 8821 2891 80731 9457 23224 1119 9053 463 5332 57556 114088 5730 2530 1368 23446 4916 7402 5142 57698 8490 158471 11156 23245 26051 63027 109 558 6196 84898 89796 9829 23243 57520 2272 51776 6913 23150 23671 26508 1000 29091 55704 6457 100132891 57689 1496 254827 57554 89853 152404 256435 1909 55604 57584 122060 4756 4155 140876 55144 89795 23321 9934 5354 57477 57453 477 577 84623 1124 57580 23097 55314 9267 10718 6641 3983 105378858 214 6446 121601 26047 9378 7026 221061 8654 26040 9026 120 2263 9901 4784 57475 79602 1838 10231 124909494 79966 5937 5795 56895 27145 1634 118611 152330 60468 445815 57553 23678 800 84457 9745 286411 57609 6546 80760 56977 54492 344558 56172 84466 1602 135112 151742 10690 8871 23127 1804 7074 79776 4124 57628 9037 257194 6840 9586 23043 7018 55819 4162 9705 5144 9625 6345 51571 56999 2823 645323 8502 4810 386617 55790 26115 351 79789 131096 2316 57578 3696 85445 80333 101927768 54899 6444 221178 127138867 2776 2869 8522 25924 160851 5168 161725 101927314 54453 3672 1780 4212 8537 1286 23216
Vascular-SMC-LINC00486	83716 4629 6586 93649 5139 463 5592 9628 11156 100874369 1282 11030 220441 9510 6909 1284 800 4026 79658 25802 8395 558 26052 9096 56999 9732 4162 1879 6581 9444 22998 90102 7402 1889 3487 2059 201501 182 9844 3164 5101 10098 4684 4685 50863 7704 577 116984 23216 27145 9457 2355 5521 10396 6840 80781 57139 23240 23446 151258 116496 344558 51196 6876 4857 2824 253559 23705 5793 351 285045 6196 2534 55704 783 26207 1756 64067 10395 50859 55243 114793 5159 57221 8470 79966 84978 4854 4301 23321 6695 4137 89853 401474 9829 114792 23362 26508 25769 160335 23648 28316 120 1501 5567 23122 1740 4124 7171 23097 114897 51555 159195 2913 288 5142 23242 65065 89796 55914 154215 57584 9863 5305 26053 109 57580 2272 55182 122060 9053 22936 55016 2530 11141 259232 287 1808 87 6925 2549 114088 395 26051 23348 22871 4045 2775 129642 483 221935 63027 5730 152404 23671 10398 23150 6507 57460 57698 7169 57477 55819 57556 3490 6457 4155 2891 23245 399959 5354 55068 84457 56895 9026 57554 135112 53353 5789 55314 114781 29091 4756 4810 4052 1119 23287 57475 347689 10611 8531 9771 57520 79602 8476 253832 54453 55144 56977 10150 57453 9915 6446 23233 989 3920 1000 54899 5445 10690 89795 11163 8502 84466 9781 4776 23224 100505894 645455 2037 11214 6711 11183 378805 83992 3344 283131 221061 118611 9369 101927394 344148 79745 28996 1739 286411 26289 214 130132 2495 57507 9832 2263 256435 55619 10314 9926 57609 84938 256987 26275 79776 57154 2316 11342 5295 10507 23613 23179 23635 9901 7018 344595 3696 5795 645323 23243 9705 23429 6579 84623 285195 127138867 219287 23043
Trans-Endo-to-mural	151258 2321 57194 2122 5243 79875 7450 1879 2313 57101 338596 2078 5583 80760 2034 79658 221395 3355 22837 3672 51162 51176 5175 11030 5787 4430 8503 5745 153579 9429 105378858 64359 3075 4684 152189 23224 64123 6573 124909494 51196 79993 5159 54739 11213 8140 26509 220441 4855 115677 54873 3490 2 55679 4685 5420 4091 9882 257019 23705 255488 2824 6840 6672 90102 1602 5521 2869 5332 3566 3635 10052 4739 11309 6641 57572 5592 4854 1004 51705 25937 5139 84952 2022 27143 3655 1284 7048 143872 253559 51776 4811 84978 5101 5939 256949 477 140876 9060 2059 25966 55532 259232 1501 51555 64097 8470 395 160851 8490 56999 288 4137 2113 57480 1282 9265 6541 7402 6480 28316 6695 2687 23242 29780 83938 79940 2335 64067 25769 57514 124359 140685 5937 56899 3909 114792 9934 2891 55243 57608 9180 6909 7122 306 7052 25924 55016 343450 23143 7078 463 5784 152273 130367 2013 114088 182 374378 7010 9712 4163 7168 57493 2918 57698 6539 55075 100874369 7145 54625 144402 22898 64344 93664 117248 56261 10867 654 116159 154661 1607 6505 7037 23670 57125 10413 6457 1286 64094 4627 83857 80014 2040 1285 167465 6513 9053 9628 2355 3133 23321 5074 10497 27115 7035 22871 84632 81035 11214 152404 5354 6515 153090 53353 2114 116154 56288 23671 23180 23266 54861 768211 5066 79742 90 340485 253827 28231 1956 25992 92241 94240 2889 84457 1356 8837 51703 57554 1374 6103 8566 54622 4155 29766 3910 947 5359 344148 5552 1368 57496 8531 55314 1795 9457 6397 3908 1634 7075 23245 541471 28 201134 11252 55959 7222 8515 10129 57381 83439 6764 121601 8821 90632 2263
Oligo-B	115584 4036 101101773 54443 4336 220416 63895 5046 9705 4340 56896 100289137 7368 88 7018 5129 5168 79152 342035 8537 2346 101928583 5923 5010 79628 85445 9745 933 118611 55314 51148 11155 6900 23120 5793 3673 57475 57571 5354 131096 83641 20 10351 80725 5337 8871 1902 100507336 10529 6457 1287 9586 6935 221458 6579 2263 745 8549 79899 220108 5435 443 9717 58504 101927641 1124 57698 105375483 7402 4155 27303 283547 9725 25769 55619 84466 133121 23150 10507 27296 107986298 158471 6660 4211 51555 26289 285668 9625 60484 5136 286827 23671 23127 2065 56895 117584 57453 344148 6696 122060 100507377 102723605 11240 3988 100509894 124903732 4099 55016 54463 107987108 25780 56650 57477 64849 6319 154215 80005 55356 282973 10984 10314 57471 84978 79953 94015 288 54820 333 9829 1267 10966 28316 8404 55227 387486 26207 219287 11145 101927043 5137 50859 23242 101927394 57520 152404 54899 55182 3800 9185 101927768 57636 347689 105369550 57467 8522 5027 4208 83700 2770 64168 2861 9053 29119 114792 10659 1318 3983 100287225 10160 214 6695 56062 5332 29 10085 7869 23024 9498 222223 8577 10165 259232 11278 6446 7444 84623 5066 9781 23236 89853 6285 2788 285286 825 84735 8470 2824 4642 23500 57556 4217 160335 643965 481 84938 54149 220965 862 23321 79739 9873 57118 9770 10391 56288 4916 10396 4684 401548 158135 145270 253832 64506 274 2628 201134 9472 23414 222537 79789 85449 7562 57537 4685 10129 79940 130132 219654 5663 124188259 7942 5789 11141 23705 3920 56899 5730 2934 5362 25861 79966 10420 23446 83857 4862 1956 1795 4643 26022 388403 93664 161725 64344 5521 257194 23303 6414 4118 221294 10580 9926 26051 23241 9369 9882
Perivascular-FB-KAZN2	10350 80114 57214 2192 1634 10349 4916 3908 23460 5156 1293 730 5212 27286 387700 54757 1306 54716 349136 5318 2327 101928104 124909494 3912 3776 81035 23768 1278 55640 33 10319 55075 7049 27303 4920 6840 388815 6095 93986 79827 4811 2274 79974 9096 10351 2152 101927289 3910 92293 54532 1303 347 116984 26052 118429 23284 7168 23114 92521 55022 401474 287 9732 577 140862 28232 5521 4045 6935 5142 6272 56288 253559 116154 4684 9472 3915 9053 1501 145820 1795 7148 10659 2913 5101 11141 6695 84978 57221 79611 10396 23122 144165 50859 256691 22998 7025 23705 9839 5789 2824 79739 9829 114792 23242 9444 55068 51555 28996 8499 57580 220965 22925 55016 2530 3977 25769 288 2066 4137 158471 57556 8854 5305 10186 23657 79789 154215 4685 122786 8554 285527 2258 26051 5334 2775 79966 6446 285154 161725 4208 80760 80315 6457 23321 89797 23287 5332 122060 347689 55704 57520 54477 28316 1009 57477 4249 4133 29119 989 1000 2891 50863 5578 152404 374378 9369 114088 57554 5396 23429 4781 152503 23239 57475 1995 160335 4035 9448 283383 80781 1837 23671 9252 84457 29970 114876 5137 344148 9625 11214 7545 8633 23189 441094 57453 9026 57507 51701 84623 57698 101928583 51422 10085 5567 51279 79658 121601 23762 3075 51571 23095 23348 118611 101927293 221294 2770 89853 80332 2895 11030 6252 386617 2894 79602 221061 9267 4643 55144 116987 23261 131096 23127 159195 221692 29091 3800 23613 55314 23097 4155 5435 253832 22982 10982 57553 10690 9223 5168 57689 8871 54796 343450 23024 645323 9902 4644 114805 80790 3344 5151 728215 8537 23120 11057 56977 27345 51090 23232 220108 219287 89796 92737 85407 10580
Perivascular-FB	2192 10350 1634 80114 23460 10349 5156 57214 81035 124909494 5212 1278 9096 1306 23768 10319 730 7049 2327 1293 93986 5396 27286 55022 3915 4811 3912 10351 347 3910 6840 79974 55640 118429 101927289 80760 1545 145820 2274 54716 101927293 1303 23657 85407 54532 283383 4916 30820 122786 171024 79611 140862 92293 7025 349136 4035 55504 144165 3908 7148 54757 79827 80781 7545 55075 7168 10516 2152 23024 2162 2042 1601 3973 55784 3776 4920 1292 716 1305 1009 80332 10788 2258 1842 8854 6935 6540 81792 22801 5549 285154 104355297 9902 3290 101928104 51279 5318 387700 10186 4053 3488 27303 105369438 390 33 5737 3603 22795 1281 715 54829 1646 388815 117581 2199 1908 2719 8554 23743 6332 728597 7057 6095 3485 1240 100190938 54477 441094 4958 8515 4921 860 165 81848 79836 9124 53373 1289 256691 154810 64778 10659 143458 152503 89797 3554 57562 29940 2690 79658 301 54504 54793 1291 22925 401541 11030 56288 1294 91522 9732 23284 27185 51422 5332 401474 577 144406 5337 4045 25959 29969 83999 26052 116984 477 55182 23114 92521 132884 287 7048 5521 54796 4684 23328 27147 2006 253559 125058 5101 54558 81029 19 10154 6641 23704 101928583 28232 55698 9915 6272 9749 11141 399959 1501 8516 7058 51678 220930 11214 105378858 23705 9472 9053 11329 2913 5010 3075 5066 7837 3899 1284 5142 143872 1795 340527 84978 11069 50859 7026 23268 3977 3717 2066 9945 10010 10396 55068 5325 288 6695 1282 400456 154215 57221 23242 114792 64131 6575 5937 6764 116154 55016 28996 79026 8499 2200 51555 29119 9871 9369 11167 25769 6303 6711 25937 158471 84898 1837 57134 214 201134 2869 220965
Meningeal-FB	54796 55304 55244 54757 6542 93166 653 101928104 5729 349136 5318 80310 33 286133 339896 79083 654463 54716 688 54102 1832 123624 9358 101928882 2139 116328 1301 2138 10082 115111 8626 119587 90102 1545 346007 8671 127602 728597 10804 23213 93986 22925 158038 53904 1577 54221 79875 7111 729830 3606 57188 80114 159371 23105 3778 27086 134265 255743 783 10512 55799 223117 57419 6913 11214 27151 79827 90139 9902 64283 4233 9353 79974 3953 6925 337876 9249 283131 1131 23382 387597 11138 9314 340527 25890 2736 6752 3726 157769 56243 51678 25992 133121 92949 5796 79658 1843 5730 375449 51422 5783 1292 133308 10395 388630 2762 6675 28232 445 89797 8847 84251 9844 120114 577 57134 7422 83700 8428 23114 4035 6272 285045 5142 83857 9467 2683 2152 6660 4045 23328 9444 2894 92521 50863 5521 26037 9448 10276 253559 9873 2296 445815 4685 256356 1278 2913 58494 57132 23122 10365 10085 116987 100506581 392636 1501 57214 83938 116154 11141 54532 23239 160335 5305 117583 7025 7049 6867 2774 79739 114793 256435 50859 4921 10142 2752 1795 23024 80036 23321 55075 23194 26052 50937 90627 124540 55704 2775 28316 154141 64067 54852 22905 220965 79789 9771 154215 10076 1612 4137 23500 56288 25769 84978 65250 2066 285154 5991 22998 116984 8515 9472 5295 57556 6695 9839 79966 55182 323 9829 57580 1290 2035 5241 636 6507 2824 114792 26051 344148 5128 302 161725 1808 5066 8611 51704 23034 23236 59271 10982 1837 80323 83992 9644 83439 9369 596 57477 55619 340554 56341 158471 1842 8404 5137 26289 114876 5789 114088 4133 2891 6383 23705 91584 8499 79817 5101 285527 649 55016 30001 7461 260293 374378
Artirial-FB	10350 1634 2192 5156 730 5212 1278 2327 27286 140862 1293 1306 54757 54716 1545 2162 349136 3973 55784 1305 2719 1646 10319 55640 80114 57214 10349 9096 23460 145820 101928104 2274 1303 1908 124909494 118429 104355297 93986 387700 4920 81035 79974 7049 33 3910 6840 3912 10788 79875 54532 3290 57101 79827 3908 101927289 57194 55504 4811 5318 5243 2321 54829 2122 283383 7148 2078 7450 153579 2022 4916 1842 1356 152189 80760 51162 5396 51176 1601 80332 654 2313 338596 3075 3915 92293 10516 3603 715 27303 115677 5175 7048 5787 55075 8503 1292 22801 8140 64123 3566 105378858 8515 23768 3635 4091 347 3776 55022 11213 51705 25937 6540 4855 79993 255488 9429 85407 9902 54873 64359 8626 5583 7168 22837 57608 5066 2687 285154 84952 152273 6935 51703 6303 23657 2034 55679 54739 29969 11309 3554 167465 171024 10186 390 154810 6672 26509 5420 25825 5549 9882 254427 30820 122786 23024 8496 57480 340485 7075 57572 64778 256949 10392 301 80781 306 3672 4776 22795 80704 8531 5797 221395 29995 165 6515 25992 2042 3655 5101 1282 28231 25959 5359 54796 6541 5521 256435 4958 5332 1879 54793 10351 143458 11030 6867 7025 117248 5939 80216 51279 23224 56999 23704 9180 23670 253559 201134 8837 949 94240 2012 9590 9712 5793 22925 4684 29780 2258 101927293 55959 54625 80014 144165 401541 124359 56261 9709 287 100505495 3339 1284 5937 3953 10413 340527 4045 4163 8566 577 659 1003 9060 57488 2152 149563 7037 947 144402 79940 92745 1906 55785 130367 2869 1501 116159 7010 374378 51232 9871 400550 3490 7052 7402 23705 54622 2013 11329 8854 154661 6505 11069 2824 93109
Pericyte-FB	2192 1278 730 54757 2327 5212 1306 1545 1293 54716 349136 1305 3973 1634 5156 9096 10350 27286 55784 2162 140862 10319 283383 80114 1292 145820 2274 81792 10349 124909494 80332 23460 4811 81035 101928104 22801 387700 57214 118429 104355297 1303 6540 93986 79974 1842 3912 79658 4916 7026 10788 151258 55640 101927289 3910 79827 55243 9902 3908 33 395 140876 11030 5396 6641 7035 220441 83716 6913 7049 171024 4430 8515 6909 5139 3776 55504 3915 6573 5159 90102 80781 80760 55022 64094 4854 3488 143872 85407 5549 1282 4920 5745 463 5592 1879 7025 477 54532 10052 3355 22925 558 22795 2059 51196 1284 8626 6539 55532 6764 6840 9457 5318 27303 347 800 25959 57139 23704 26508 10516 257019 1291 715 3554 10395 7223 4776 1004 23768 8490 285154 116496 6095 55075 400456 100874369 122786 7545 6586 109 2869 6935 1289 55698 57125 6332 25802 4629 9934 5332 541471 3290 5728 1909 2690 6581 100132891 1286 7222 56288 54039 11214 93649 1285 7168 182 79611 4921 91624 5937 10398 50509 10186 80731 4026 57105 27115 65065 2258 23657 23024 19 165 27147 649 81029 343450 10351 2918 27185 8825 3490 4035 2564 7402 144165 1903 5074 154810 10090 9265 25966 9628 8654 401541 101927293 3487 81794 6529 80162 2152 4684 59 5101 253559 26052 1601 7005 710 64150 9037 64778 8516 7148 388815 9732 5521 8821 132884 2028 1009 23268 441094 3075 105378858 716 55799 85301 2687 9749 8395 7078 29940 55742 23705 22837 8554 51477 51279 8428 117583 6575 55970 55890 114897 51776 22998 30820 23224 5143 10396 10723 54477 5293 11329 23102 9828 4958 11178 868 1889 54796 401474 84978
Capillary	667 57194 8140 2321 7450 153579 5243 2122 338596 2313 57101 2078 51162 79875 287 388815 8633 577 5787 5175 5583 4045 50863 152189 2034 5521 2894 9429 9863 5420 11309 64067 5101 4684 64123 3635 84251 399959 11213 9839 84952 8503 9472 4685 115677 79993 23321 1756 5602 253559 3566 6541 306 6566 1795 221395 64359 79739 22837 7122 11141 4855 56899 2824 55679 161725 781 23705 10085 54739 5789 4091 55068 116154 79966 3655 1501 9053 6695 80760 7037 2775 51176 7075 84978 9882 3672 255488 124359 2913 2066 57608 4644 92521 80005 28316 259232 2022 8499 288 23500 84879 214 29119 5142 4137 154215 6480 51555 1837 344148 79789 23224 4739 8566 28231 6513 5939 6507 25769 84898 53353 55016 29780 167465 55619 23245 6505 51703 7052 220965 117248 5334 79742 57453 114792 6091 105378858 285195 57698 340485 23670 23242 9712 5137 22871 9832 130367 682 57480 54873 440345 642776 949 596 6103 89795 23114 2891 23043 6529 100132247 8470 2 23284 4915 83700 114088 947 347689 23179 10276 10982 5795 3133 158471 2013 540 26289 5783 25937 5730 152404 64344 23254 374378 25924 57514 9369 57689 9846 154661 6457 57554 10231 57493 51705 6446 116159 10396 120 79745 4155 84457 2895 23671 1995 7804 53405 54852 9781 2114 55607 5784 6672 6397 4916 152273 348645 3800 9901 1879 23263 23362 4163 4131 1780 105 84623 121601 55356 122060 92293 5362 1287 80704 100505894 256949 56261 64097 2263 5354 4756 9060 9806 85358 2770 55314 7010 25992 613037 7402 657 118611 25825 7325 57181 27443 9180 4212 10507 158405 55137 257194 344595 57572 91133 55799 9378 26047 7048 80014 83872 9745 347731
Arterial	2122 2321 57194 5243 7450 2078 79875 2313 57101 8503 4091 64123 5175 5787 338596 255488 4855 2034 152189 287 3075 51162 221395 9429 577 5583 153579 4045 8633 50863 5420 5101 54873 388815 5521 1356 2894 79993 3672 22837 4684 64067 4685 253559 5142 3909 7052 84251 51705 11213 9472 5602 11141 1795 7010 55679 5336 6513 23284 56899 64359 5789 399959 23321 1501 7122 10085 3655 23705 9882 2824 51176 23224 654 55068 4739 116154 116159 124359 28231 79966 54739 2066 84978 2775 79739 25937 114793 2913 105378858 2 161725 154661 28316 130367 1756 1879 3635 8499 288 259232 249 11309 57514 221981 29119 117248 3133 947 144402 53353 23500 2022 51555 4137 9709 57480 6103 6507 25924 25769 6672 3566 1837 344148 84952 79789 4644 93664 23242 55619 85358 9369 80005 23245 5332 55930 57698 23254 55016 220965 57493 114800 22871 6091 306 9832 5137 57453 64097 55917 114792 22856 9180 6695 9053 6480 89795 2891 29780 4155 596 54622 23043 6529 83992 10982 55607 115677 55959 5939 7402 152273 2317 8470 83938 5362 114088 51703 26509 7048 167465 642776 54438 347689 7424 1843 4915 374378 26289 5359 5783 4163 196883 5552 9829 57608 2040 6397 728577 8140 5784 6457 9712 57689 152404 57554 2114 6303 126669 2043 54625 6541 90632 23143 80014 214 122060 57496 84457 2013 23179 54852 23671 2895 1995 4756 10867 8837 56999 4916 5354 1780 160622 151473 10231 5730 105 9863 64344 94240 6840 79745 55356 7325 83857 23114 121601 9901 22861 4131 90 2263 1287 9378 9781 4734 2889 84623 6505 147463 79940 8459 2355 3710 3397 118611 26047 55799 23180 9060 64283 55314 3983 23670
Venous	3566 7450 128553 5243 2313 2122 57194 5175 2078 57101 2321 51162 7122 79875 115677 8140 7052 2114 5583 64123 5787 11309 11213 9839 338596 8503 80704 287 23670 388815 3075 9180 51703 54873 6505 2034 306 577 79993 5420 10135 54739 6103 50863 4045 1356 2894 92521 5521 10257 153579 4684 28231 399959 8809 5101 2022 51176 64067 5939 255488 54625 124359 9882 667 10268 152189 9060 22837 9472 4685 84251 79742 25825 221395 23321 4855 9429 64359 26509 55679 117248 29780 3133 253559 6566 5359 79739 6541 3655 5602 1795 4739 105378858 3554 2824 56899 9712 8633 7048 2355 5829 10085 1501 56999 23705 51365 144402 6672 23114 11141 3459 1326 6840 116154 3672 57480 966 84952 55959 55068 5789 23224 2775 130367 64097 84978 79966 4093 6695 2066 7075 2913 6515 161725 23263 400550 57514 28316 9053 56261 22856 2040 80005 57493 10964 8470 259232 8499 1756 93664 7037 768211 4644 152273 84879 288 23266 4137 7010 51555 2 5784 58494 23500 344148 154215 25937 3455 3953 5552 6480 1837 3710 64344 25924 29119 114792 90632 55619 220965 6507 256949 25769 10346 94240 100505495 8531 83666 126669 167465 53353 4734 3570 83938 79789 57453 57608 55016 728577 5321 6513 23143 9832 57698 154661 169792 57496 781 22871 57572 1836 23242 57088 6303 2013 196883 374378 10365 8566 5334 84898 2891 84910 51705 6529 89795 340485 8459 158471 10044 160622 949 23245 285195 54796 4915 1003 6091 596 843 5137 114088 5239 7525 5467 51232 23043 9754 357 347689 83700 9766 59345 116159 27143 140803 2113 10561 57211 8837 3911 54922 10114 152404 26289 57655 5783 3635 3899 100506736 153090 11069 6457 5066
T-cell-mixed	5788 8631 10788 55843 94120 10320 919 100506736 84433 313 10225 154075 2533 6775 79668 1794 81704 54518 3702 3676 100506403 3683 23533 149628 55784 9595 22806 4542 54331 6793 963 440193 5588 864 9402 80709 64919 133418 4773 399 26191 29121 4603 9262 3824 100130231 100506776 285513 51411 3936 10125 256380 128611 976 6503 123036 387357 89846 80342 147138 114836 100528032 286530 841 7294 10417 3932 80310 9744 84174 401124 914 7409 5729 257106 51348 165631 3071 5551 10578 64092 752 3718 7535 137835 79961 84941 923 255231 115362 51316 197358 7852 9938 5583 353345 2113 1535 202 9750 10451 113 25816 896 11119 81539 50515 868 23157 4154 9263 139818 11262 91526 960 3059 5579 3937 56990 7082 2534 6789 397 3635 91523 9910 5747 118788 6925 8476 22821 3669 5527 56829 116496 10666 1075 10123 393 323 11118 57674 3428 9863 23001 55809 5293 10659 2035 11278 23224 1729 667 678 5796 246175 23228 139716 9732 5922 1740 84166 6272 54847 26052 3106 27436 22861 351 83988 11214 1793 23328 22998 23240 6786 79890 89797 7325 472 51571 64744 9444 125488 3631 54941 9223 2549 1112 22982 23194 114793 5150 6711 23670 6672 7402 89796 9760 388815 159195 639 55196 64167 5087 63971 987 287 23362 90627 22905 4774 23543 26207 23284 84251 8514 2776 9976 399959 4781 694 23331 55704 116987 577 8777 781 57584 2894 23114 6196 55690 5908 5873 11186 567 23347 1756 114876 23112 162394 4045 7456 7903 9516 10395 2081 152503 23232 8633 79888 50863 4857 10529 55729 2037 54453 23635 3643 5602 64067 1808 29969 55757 63027 23239 9771 9915 2913 79817 10580 4646 445815 283349
T-cell-vascular	5788 8631 94120 919 55843 100506736 10788 313 10320 154075 84433 4542 2533 149628 23533 10225 3683 3676 55784 54518 22806 3702 963 9595 864 3932 26191 286530 100506776 9402 399 51411 100130231 256380 51348 81704 80342 10578 89846 123036 6503 100528032 6775 1794 100506403 3718 84174 147138 4603 80709 54331 7294 401124 841 3936 79668 202 976 387357 440193 10417 1535 133418 80310 23157 25816 752 3824 353345 5293 4773 5583 2113 9938 3937 285513 116496 9750 6793 56829 11186 128611 3635 64919 23224 896 84166 10451 29121 11118 139818 80162 868 5745 6672 960 7402 57674 1879 10052 4154 6909 5588 7049 11214 92241 7133 10125 151258 1634 6573 27436 90102 57125 11262 11119 8809 7048 79658 3428 80760 2869 4854 11030 6641 2313 4478 220441 5101 23670 91523 84766 55809 22861 5937 50515 81539 283383 639 5552 4430 5527 10319 9910 5908 26207 11278 253559 287 2824 2534 124909494 4685 6539 1286 140876 6540 2035 2687 83988 246175 22821 105378858 51477 6789 54625 10235 5336 57139 91526 55196 1602 139716 3355 1501 22837 4739 9263 3106 4811 64167 56990 1282 5159 1740 283349 9674 84978 3490 28316 256021 9863 79026 3672 22801 23347 64094 55243 51176 64067 7273 6786 9262 259232 6840 54941 10666 114793 6695 23321 56899 11178 2059 26136 51555 11329 256949 257019 2918 6913 64778 59339 57105 23705 463 2889 5922 8490 4775 8515 8701 114792 2634 57194 60436 4137 7040 1795 2891 6482 51196 23242 5579 23180 1004 3631 1729 55016 154215 22898 5789 25769 57572 54739 1285 5728 54796 9053 81035 2289 56999 3075 53353 162394 50863 57698 25959 55615 114088 219285 7223 11141 23240 1284 344148
T-cell-parenchymal-1	8631 9402 3702 22806 100506776 114836 149628 3575 914 10225 5788 399 10320 154075 3932 55784 10788 256380 9595 100130231 123036 84433 3683 26191 387357 55843 3676 919 2533 9744 23533 23526 94120 286530 257106 147138 80342 100506736 1794 54518 963 133418 3936 64919 51411 64092 864 6503 89846 81704 79820 100506403 401124 128611 80310 440193 4542 80709 313 9262 6775 4603 10125 79668 285513 960 9938 3059 55619 5588 4336 54331 9705 55013 4773 6789 5305 976 139818 202 5168 9829 101927043 91526 5129 5046 116984 29121 55314 25769 118611 4155 101928583 54443 342035 158471 55182 6695 54899 1902 9844 8334 6900 7018 5010 57475 63895 5793 83641 678 7368 23150 841 122060 4124 131096 105375483 57698 868 8537 10396 29119 3937 10666 23446 115584 84978 4036 3824 124903732 9839 4154 2346 25816 286827 100128675 6457 11141 5337 55858 5334 91523 5435 4340 10507 1806 896 9745 933 23387 23225 27303 56896 10529 101101773 79739 160335 22821 117584 80714 23239 101927768 10085 79628 64399 6793 2124 9053 9586 5137 84735 6579 84466 85445 472 23122 51555 114792 28513 387486 11262 54941 9725 9679 274 5860 220416 23157 10966 55796 5142 56829 100287225 4099 5293 50515 1287 23097 51148 288 92106 23120 89853 56990 79899 344148 9717 5354 100507336 283547 27296 9750 6660 114793 2824 7562 54463 23321 26051 23240 29969 125488 8633 6446 57609 989 56062 53905 79152 23127 439949 214 145270 1360 3673 2628 84623 10351 84504 5579 9444 55556 50859 57571 10110 220108 23671 145508 8404 222223 4118 25780 1739 55016 55914 8527 161725 101926907 9625 23604 57453 100507377 56288 23024 399665 6310 57584 1124 10314 26052 55068 92797 91775 8871 5027
T-cell-parenchymal-2	149628 5551 114836 914 84636 4818 962 9214 916 6351 3702 22806 9437 9402 100506776 6352 79961 26191 8631 7535 3683 9595 3932 115362 154075 64005 84433 255231 399 94120 256380 9744 54855 5788 89846 100130231 919 10320 23533 55784 147138 10788 80342 864 6693 286530 10225 923 241 100528032 3689 7852 5341 55843 10417 84941 54518 133418 197358 165631 5729 3936 2533 3676 51411 51316 9953 963 3587 752 257106 51348 284207 5734 401124 54331 3071 7409 84174 4542 440193 9938 11151 5778 414149 1794 6503 313 64919 123036 6775 80709 100506885 3059 100506403 841 10123 100506736 85439 960 286464 80310 10125 221074 7805 257068 285513 137835 9262 10578 6563 353345 8601 339789 5276 128611 79668 8424 83593 361 100874222 83733 4773 5992 139818 50619 9111 397 202 84152 7294 3824 79890 84059 56301 84766 100874047 10451 9263 8671 3718 6096 101926964 6850 148198 6506 10666 5080 57722 84706 10840 170691 85415 91768 57326 2247 6263 5588 658 25891 171586 286183 489 202151 105378763 100506334 80830 797 57619 63976 93145 6793 100130894 5292 83876 116931 22821 678 3823 3398 139716 2670 56776 51321 10384 1051 79781 92797 9249 5293 23406 2949 11253 29969 339541 1075 100507533 64420 976 2823 8514 26999 57136 567 9760 81539 1729 9750 105371450 50649 57224 53919 2737 348094 222256 105375405 3613 2267 60495 23108 80896 9516 2560 26084 216 868 404550 91523 81563 3937 10938 55809 102546226 1837 1271 8934 79156 387357 50515 23576 7290 1535 124903827 80258 162394 952 2555 25816 9630 196047 219736 26207 2591 121551 23043 196475 124906016 29121 168537 56171 9404 440503 4603 2534 89932 81704 3635 51435 1496 6385 5803 112399 10335 84868 3371
Microglia-quiescent	54518 81704 6916 2533 8476 55843 83478 6711 323 100506403 79895 10863 1794 23348 5788 7082 5796 2534 313 10395 105378305 23328 54502 718 6850 1793 1436 79651 22998 3635 8635 116987 28232 4646 23194 6095 11309 84251 6546 105378425 8777 50515 4781 351 23543 9951 27347 10186 5087 6480 83938 800 100874074 152503 4542 23037 54947 159195 10320 10529 5793 10787 9450 23114 781 23345 59271 91404 7003 107985194 8496 64805 57690 26052 3092 4067 27303 375449 23533 399959 10580 1756 6653 2894 7097 3977 9915 8502 3786 23239 23095 63971 6558 29760 9771 4857 445815 4300 3480 58504 9922 6529 8997 647135 80243 23284 22982 1438 64784 10098 27143 57705 84898 2913 79890 84966 4601 619279 26034 10079 89796 55084 10257 5924 22905 56288 344558 374378 401134 79705 23243 55589 9863 6660 23500 116154 57221 4301 10184 340554 79789 55068 55534 23187 7704 100874369 79966 342184 2887 9223 54796 57553 8633 9639 25854 9938 8404 161725 2775 8848 23189 27185 8935 1508 6867 55607 240 7145 4684 120 1441 79974 143458 220965 6556 23321 2530 129642 23380 862 93986 166336 10129 60468 3983 57477 130132 4137 9829 23024 10231 64744 57643 56957 9472 259232 57460 221061 10161 50863 3908 57713 4756 5137 5791 4773 9781 23236 5332 6518 8853 5602 65983 29091 51232 10085 55740 1000 56977 23242 1889 26051 8470 9832 57556 10243 79739 5587 114792 1009 6261 57453 344595 3071 3709 1730 50859 118788 23387 5747 2824 29 8499 23414 25924 55182 942 9053 6672 4916 347689 28316 3055 83857 3606 3059 7046 6507 4208 11320 5592 160335 6695 4094 23233 3778 23191 221472 255426 3687 7226 374655 55691 1501 23122
Microglia-activated	54518 10863 2533 5788 6916 6850 81704 55843 79895 1794 1436 54502 718 79651 100506403 8635 10320 7097 9450 29760 54947 313 23533 64805 57705 4067 83478 105378305 221472 3059 79890 105378425 3071 1438 240 79705 6518 4542 9938 1536 3635 9951 25854 11309 963 3606 1441 8476 10257 972 4773 118788 6556 6711 84966 942 10161 80008 22797 323 79974 64231 26034 8935 7046 107985194 1508 342184 64744 54796 3055 4261 401134 6653 23348 647135 139818 58504 27143 4094 6546 6261 7226 6503 3786 64092 100874074 10184 2534 7409 7903 344558 80216 6001 5796 50515 23328 79365 54504 374655 860 10395 5452 6480 92241 93986 953 11031 6672 55589 7096 5791 4033 2313 5336 22998 3784 3687 56659 80183 3597 4481 11320 85477 28232 55534 1075 22898 23194 713 3428 653464 64759 1793 8440 84251 284757 8569 113 23191 1730 139716 27185 8777 7805 80896 9497 8832 5321 7048 677 285513 4126 54491 4781 1524 3684 27347 64581 83938 3730 58475 7082 3778 10186 5087 162 800 91404 10529 678 84433 9734 23114 55824 26031 6095 55320 152503 255426 23543 80003 54436 23037 105372751 59345 23765 395 23228 11326 1240 112616 5793 8496 84868 2885 7462 10787 94134 3459 9766 6239 115891964 84106 375449 57522 10580 55790 3977 9915 3092 27303 409 7003 5140 2894 116987 10461 29 27436 781 2 51312 100379661 159195 51411 4300 57713 55803 3937 23380 11214 9771 9306 27128 57533 4857 5966 84002 6529 9289 3587 6303 51571 84898 8997 5924 11213 80243 23284 84976 619279 64115 101929497 55084 57568 2857 285195 10859 340554 5272 10079 57162 23500 64098 91010 56288 1756 223082 2913 374378 79627 80790 79789 2120
Perivascular Macrophage	54502 6916 1794 55843 5788 81704 54518 2533 10788 4542 23533 6850 9332 6556 10320 6503 7097 3055 221472 118788 1520 2162 64092 3059 4360 1536 963 4481 7409 64231 3071 10859 2212 51338 942 58475 89846 3587 3687 64581 6614 643680 27128 9595 8942 1890 284759 100506403 3936 240 4067 23166 313 752 22797 54757 54504 1378 9473 1441 3683 170591 51411 9056 113 7127 84034 1438 64098 3676 6688 79651 64744 79890 1436 55784 9938 83478 1240 342184 1075 79895 84106 4261 9262 1535 3937 5452 139818 7082 11214 3718 9050 30817 4600 2180 57705 1508 7903 83938 112616 8476 393 409 284996 9863 2885 84898 972 4646 7133 5796 10863 323 6546 26052 23348 3784 8935 6303 976 64859 116987 50515 11031 1740 22998 51571 6711 23194 6095 2120 10019 5087 6672 6793 85464 8635 4781 667 399959 4033 10395 2289 54625 54103 960 23284 159195 10533 10659 89797 9223 8777 9771 1730 23114 23037 84251 781 2894 10529 4045 81553 5579 4126 10098 50863 4857 577 2185 157 4684 100379661 5747 283349 10787 1793 11213 5336 5602 8633 5521 79966 374655 445815 23543 54436 3635 10000 9915 8496 10580 2913 51363 56899 26053 255488 57533 4685 9472 152503 23321 23239 4301 8997 81671 10243 351 55320 22905 5791 287 9208 283131 1501 23380 23406 7226 23243 10085 253559 8502 6660 10451 285195 57690 1795 2643 10461 401474 92241 7003 23514 1612 57674 5793 2775 800 23233 2268 5795 9830 55084 1756 5101 9053 3600 5552 6529 139716 2824 27303 3977 93663 1112 79739 25939 22982 27185 55607 55068 55803 8611 161725 4756 80243 10186 9958 28316 54947 26137 4121 2066 375449
Microglia-vascular	54502 5788 10320 6556 3055 1536 9332 10859 7097 54518 221472 2533 3687 64581 3676 58475 2212 6916 6850 23533 942 55843 118788 4360 6503 1379 1890 51411 10788 64231 3587 81704 1378 4481 64092 4542 948 9056 1794 8942 100506403 3071 1520 55784 240 3059 3683 9050 7409 3936 963 4067 2995 30817 313 23166 54757 4600 6688 2162 64744 10312 79890 1436 54504 645 9938 55320 254102 4261 84106 9262 5452 9958 4121 7133 56829 6007 960 3937 11213 139818 10019 2643 10644 3635 9863 219285 1535 1075 79651 4684 54436 6793 140876 5101 6672 287 80216 976 1740 7037 94240 6239 23240 5521 4154 50515 2824 139716 23705 4045 7453 4685 55589 10257 8395 50863 253559 3098 3554 1795 23321 57705 1501 54625 6303 26136 286 64067 56899 4299 667 112616 965 11214 577 3717 7408 1508 10475 84978 23406 10964 55332 8935 2894 3600 25816 60685 114792 79895 28316 92597 56261 6695 4137 26052 9053 284996 409 51555 79966 23380 92241 11186 9472 5789 23242 837 7903 2313 2289 2066 57706 5552 288 23389 115548 22982 83666 259232 11177 7764 2040 6794 114088 55196 51312 161725 154215 89874 53353 55796 55068 8531 25939 11141 56999 8499 6452 2634 116496 347689 2891 25769 5359 3566 115004 10135 112597 22871 84457 2775 152404 114789 2268 23186 57674 255967 5293 23122 255488 2035 9830 81671 160 5336 132320 10890 283349 23362 84166 23245 9832 2146 26289 4756 843 8140 6457 283131 57554 9910 29992 4915 57520 10396 10161 5966 7150 2185 51363 116154 23671 2180 5175 27086 122060 23527 55640 50807 22861 647135 100379661 26053 8847 2263 91351 10346 8633 6583 155038 10243 55607
Astrocyte-quiescent	100874222 339789 5992 8601 6563 658 85439 286183 10418 84059 91768 25891 202151 64850 83478 5803 7164 57619 63976 6263 285441 10335 84239 10840 148198 8671 26084 100874047 23205 56171 6096 89932 53919 2737 9630 25834 105378763 6506 83733 100507524 80036 361 2139 10485 79781 100499467 60495 112885 108 2555 80896 2560 9211 57224 101926964 4257 105375405 5596 26027 65975 54762 166647 56776 2261 8708 2138 219736 55604 3782 51321 4897 23418 57451 79611 116135 2202 55553 222256 50649 124906016 127138867 374977 79632 10451 23286 116931 55885 169792 94097 23305 2697 84532 50509 339479 9413 196047 1608 55366 221074 2823 23576 3778 23768 84133 8613 101927314 120114 348094 1946 645323 5270 10690 81563 170691 1272 10461 221938 6565 222553 9760 1191 285220 4212 491 2565 818 477 28232 9378 51760 2752 23022 23657 216 1002 10768 1363 84249 440503 57685 1612 10718 2262 55790 79776 2247 27152 6444 165215 460 4038 9844 23043 57348 5125 79971 783 482 4915 22836 162282 64344 1496 114880 4853 6385 444 2905 221687 27115 101927111 2104 148 285505 6640 2152 339541 8496 7042 6538 112399 100506421 9856 26018 93145 56994 57537 9771 57476 445815 100506885 89795 220296 85440 729085 7102 85004 84871 5099 5990 6383 4217 728637 54898 11170 728215 57381 4983 9658 1471 2746 11197 28316 5592 10810 100505933 2736 32 1837 3707 55268 767 2550 2047 9901 10413 5764 114088 57088 5140 3983 171425 166614 2263 11031 25925 1008 10752 196475 4916 163175 10217 57419 441094 56963 55785 8424 23175 6662 4281 65983 6507 1152 7099 64759 8502 10160 220963 53353 23382 2670 57447 27333 220323 642987 26999 285590 2891 8412 55589 116843 323 105377623 8556 3709
OPC-A	84465 375612 30010 1462 5156 338645 65217 56934 64093 4661 2897 10242 7143 23544 5803 1630 3751 4325 339479 1301 6323 100499467 1826 54212 22986 57419 103695433 129684 29951 105378311 26033 2915 202374 121256 2917 64131 55612 161357 266722 114788 30820 2259 196051 114786 57502 55553 101927293 102724058 100506457 57633 645591 63827 10777 10752 5067 55083 2898 22854 238 10178 2257 9037 5099 11122 222553 83539 80059 1297 4897 84239 170691 4978 137868 6328 116448 105378516 729993 23072 100873949 8516 6506 55022 286183 81615 105379054 11031 50515 1608 10656 6546 773 114784 114805 10485 127138867 10457 23026 114815 9515 9229 6000 53358 56243 54886 744 10188 3778 1008 55384 27092 90362 146395 1272 1804 64478 84966 2823 81563 1012 130271 1600 3556 100874064 9699 460 114795 80333 285175 2893 8715 155185 9378 55351 256435 58499 10082 4082 57628 6444 57484 8537 92293 10090 117177 120892 105 55959 5791 9760 776 283131 2892 57554 9162 92737 27091 10675 57689 257194 144453 2891 2260 10203 4035 27185 347731 57482 2895 101927314 5799 55790 10718 338811 114134 204962 80034 115804232 23120 152137 66000 2899 163404 83716 22871 1496 5396 40 54762 9423 728215 2115 655 202333 200150 729732 23414 4915 114088 4983 285382 7068 100507421 221938 4916 22822 26059 28232 6326 7102 5270 89795 83988 2571 79158 407738 23500 6616 9026 2913 445815 23418 22999 374378 5218 100874018 4745 4643 143872 113263 64759 60312 147495 22998 4133 55016 10267 2060 50649 8826 57528 5593 9892 11057 79683 57453 2119 9672 64344 55103 6335 5654 347 80133 84457 4642 590 53353 22997 6489 6446 11281 2674 100128590 10215 23245 1620 23768 90627 84620 57642 23101 85300 4038 8850 5764
OPC-B	375612 30010 1462 65217 84465 5156 338645 56934 64093 10242 7143 2897 23544 4661 5803 1630 4325 1826 3751 57419 202374 54212 100499467 129684 1301 339479 121256 22986 30820 6323 26033 55083 64131 266722 2917 161357 2915 238 2259 114788 114786 1297 29951 146395 10178 27092 10777 196051 10752 103695433 2257 57502 55553 170691 729993 4978 84966 80059 23026 22854 23072 55612 55351 4897 222553 773 2898 286183 83539 9037 5067 221938 11122 114815 57633 9515 5099 101927293 81615 114784 105378516 54886 55022 6506 1608 11031 53358 84239 50515 6546 8516 114805 155185 1012 9229 56243 127138867 1008 64478 1804 6000 10485 55384 6328 10656 80333 3778 2893 1272 81563 8715 137868 90362 9378 2892 2823 55959 1600 744 117177 114795 10090 9699 3556 100506457 9423 27091 460 10082 256435 5791 6444 2899 144453 202333 10188 57484 5799 105 92293 57628 9162 58499 57689 9760 285175 5593 130271 776 4745 114134 2260 11281 40 57554 63827 204962 8537 23120 27185 10718 257194 2895 655 6335 407738 83716 283131 5396 22871 2891 338811 23302 101927314 728215 50649 26059 200150 347731 100507421 66000 23040 22997 8618 1496 120892 80034 57482 60312 9892 2571 22999 129080 7068 163404 2674 55790 92737 57110 64759 23414 2913 6616 285382 114088 162494 89795 93145 2115 6326 2900 4983 8826 152137 51760 23500 6489 4643 85300 23101 4035 23418 445815 10203 147495 4915 23034 374378 113263 28232 4916 5218 7837 2904 4038 1464 57453 53353 10675 55061 55016 57528 64344 143872 4842 114 219654 5924 23768 58504 84632 79683 2119 127898555 641 22998 254559 115804232 4214 57699 54715 2977 84168 2104 4133 2060 3908 22873 9672 6446 28316 387597 8994 10579 2560
Ex-Neuron-L2-3-CBLN2-LINC02306-CUX2	147381 23316 9348 1007 81849 56934 146713 101927554 1131 815 400765 1010 4753 5126 101927189 9840 343990 285780 9568 1016 9899 23105 2911 6456 158038 222183 40 57282 774 138046 56479 9758 2904 23040 118427 5800 7447 121256 2890 283455 266722 84530 26220 442117 26038 9478 145581 407738 2561 6854 2562 23072 2915 9228 5063 129684 10242 284930 348980 8224 10368 3760 3354 777 91584 3751 114815 23504 148641 2903 554226 57528 285220 23544 2902 729993 6616 51761 81832 653316 1826 10777 23314 22866 83851 22941 202559 6323 9515 54212 26033 5801 3763 359822 273 8618 3756 57497 5067 9201 107 84708 11113 8745 124902439 7143 120114 5799 79698 1759 144165 136227 2917 6857 6326 1012 23057 27445 6334 440823 114788 3747 776 161357 25758 4325 3781 60680 9892 2259 2566 338811 285175 114786 491 337876 814 23768 64409 2257 2185 773 6092 84871 105373390 2892 57451 2977 57731 9699 1612 3752 114795 6586 400954 5099 101927636 56853 9645 55061 22999 91752 64405 8507 66000 26059 3745 8936 23025 6546 79815 79772 2898 100507421 816 23732 4745 9628 9353 6262 84448 152110 10752 57795 644150 80059 6000 2893 55384 1620 4978 53358 114134 9162 83698 25791 9066 2560 4897 56243 90134 220164 57512 1946 5522 5579 3786 137970 84502 119 785 146760 6328 84539 26011 6585 5577 9312 55638 57144 10656 460 10409 1008 29906 1607 65268 22843 57495 63982 56776 642987 84966 283131 3708 80210 134829 1793 116931 129049 3912 55885 22986 284252 7068 54566 9229 57562 157627 9456 145773 80206 8708 108 1006 3778 9912 51678 401145 64168 80034 53942 490 164832 4628 440279 23108 26050 102723370 25834 54847 2043 80003 1272 339263
Ex-Neuron-ADARB2-ERBB4	30010 27092 55612 11255 2741 2571 338645 84465 10882 4661 256130 56934 65217 375567 375612 103695433 121551 124925 8516 402117 22986 10242 7143 91752 9718 102724058 6323 81615 23544 115827 204962 286 645369 10178 84530 100144602 129684 222008 57482 54212 114786 3751 3760 2899 5067 51617 2890 157627 1826 3354 348980 2917 127833 57419 2044 91584 85300 64093 554226 6014 23057 55061 102467147 57512 56853 27328 55515 2904 27091 57282 1016 22865 1301 341880 79722 10369 283455 84502 1630 114788 57468 6585 9331 4325 407738 389634 2915 478 220 6854 222183 2898 23072 3785 5063 22854 100048912 9568 776 101927293 57633 90161 57863 9699 2259 145581 238 105378311 53358 161357 6328 6547 2902 23040 4978 1012 64131 2566 11122 2257 83851 23732 140767 1641 3488 146713 27344 285175 8618 339479 57699 51761 56341 157807 773 80059 84966 1515 4753 23426 100505996 53826 57528 1996 22999 2562 6616 26033 5099 163404 440279 123041 79750 117247 27133 9892 1804 23504 283417 2906 144423 285533 8224 30820 9515 55531 6332 22997 57689 114 10777 57502 6326 129804 5126 254559 1008 4675 139065 5799 64478 114784 57497 338811 152110 3556 55384 84679 54331 114805 23089 266722 5803 26166 51046 27445 777 222865 81578 53942 222553 116328 57731 10003 10409 25849 285220 202559 105 10814 146395 84871 9118 60680 26047 3746 641 273 375323 81563 22871 5178 6546 2897 57624 55103 9379 6334 257194 100499467 2895 57604 107 64388 6092 774 56243 65055 105374338 3763 785 9229 9758 340533 196051 8715 6000 64901 2892 9162 440823 90134 64919 460 23026 157574 170691 10687 9900 4293 10188 10267 401145 1600 168507 100129620 23768 26050 1620 57110 23217 2561 50515 124904288 84553
In-Neuron-PRKG1-TBC1D4	30010 121551 3747 102724058 91752 23026 2567 286 79698 348980 375567 2572 84530 23426 6854 114786 2890 2561 23040 91584 10242 442213 57282 222183 2899 6323 10178 2904 204962 6638 9568 9228 2915 729993 137970 9353 3751 79750 55714 389432 40 2571 8618 342184 1993 774 4645 27445 51761 3760 53942 56853 26033 54212 345557 9348 283455 129684 56243 9515 115827 202559 55083 9758 338811 6857 23057 23504 5799 145581 2257 114 26038 161357 90134 5063 2259 773 101929563 83851 440823 785 26031 776 9201 57451 157627 1007 57528 84871 285220 491 55384 107 1759 56479 7224 57144 170691 10369 9699 266722 4325 6616 146713 860 64409 4978 57731 26059 3756 2898 80059 55711 7223 3763 114788 114795 51059 2774 23072 1016 6326 341880 22941 285175 137868 2893 114880 66000 9645 149297 9229 6334 100507421 9892 7447 6547 6000 2892 22999 79937 6262 220164 22843 6489 148641 55553 6456 1793 3746 2258 10891 29906 114884 2562 130733 23359 80206 152110 54715 83988 460 161502 4897 152330 344558 151126 139818 64478 401145 134829 2334 57482 4810 63876 2902 1641 222553 255928 221935 4985 92558 5172 3778 273 441061 9162 135138 57569 8708 340419 1612 286411 64919 2560 65268 9881 238 1996 2903 10815 26011 2897 83698 1804 56776 478 257194 55809 1600 57582 79772 105369438 192683 5468 3786 119 2557 30811 80003 81832 1272 2289 728577 221336 10349 10718 2566 8745 23213 80852 54847 81849 23194 6092 5796 283514 2554 4628 285533 114134 80034 9745 7903 57502 2045 9912 26047 23732 8224 347731 121601 129804 7068 200150 79582 402117 23108 6585 5140 339192 25758 26507 84959 60680 816 57512 5274 84448 2104 653316 400954 7991 10873
In-Neuron-ADARB2-LAMP5-NRG1	30010 23026 2258 2572 80309 2897 440279 442213 2070 57624 22987 238 30820 56884 116443 115827 338645 22895 3815 137868 11122 3747 375567 11249 121256 114786 6323 64919 6854 57482 84959 2890 146713 2904 22854 23040 2561 79698 2567 137970 2915 56853 23426 9568 23504 2571 348980 57512 5318 158038 3760 554226 5063 6869 774 53942 23057 51761 57282 57528 7143 2562 84530 81832 57144 56675 9515 2903 8618 22999 9758 100505996 84969 6616 161357 283455 341880 222183 342184 26033 114788 129684 2259 26011 773 2902 25834 10368 5799 729993 5800 6638 22941 157627 114795 1826 27445 79750 8224 2257 2044 84620 220164 3786 2898 63876 3752 138046 285175 9699 90362 6546 114880 83851 273 758 57484 114134 776 785 6857 116328 23768 55061 100507421 344558 6000 26038 79722 2893 55022 100996492 26059 27133 125488 9892 55384 222553 460 4897 337876 10178 3756 79772 60680 51059 2560 9228 6326 57419 57795 65217 3354 8395 124904288 956 4978 777 57731 64409 286183 5126 127138867 222256 8708 6092 101928840 1759 84871 117177 10486 3781 6334 57574 55966 9229 3751 3763 92737 340533 8527 9201 9162 286 23732 7068 80310 10752 3084 55809 80852 10369 80034 134829 55530 1993 81563 5923 2892 9734 145581 90134 1630 23025 339788 2786 53826 6262 1607 1012 1600 26220 29906 401145 26031 25758 53616 1804 4920 5796 105376541 1272 9760 153768 59283 400954 401491 51678 2557 158326 101927531 55118 1793 114784 23228 140733 345557 816 80003 9912 7074 54715 9745 108 85445 401190 2554 8745 50515 57578 253782 3479 119 55816 286411 57188 2774 9881 9378 347731 255928 1996 101927636 285220 5218 157 56341 3382 27324 5579 338811 148 85300 2566 7447
Ex-Neuron-L4-5-RORB-IL1RAPL2	26280 131034 23105 9312 118427 146713 2567 6456 81849 11122 3084 3747 79698 4753 64084 56853 84530 348980 9899 9568 53942 137970 2561 6854 9478 1131 59350 23072 400765 9758 138046 57282 56479 23040 2890 6096 774 26038 93986 145581 342184 204962 222183 7447 1016 101927189 57512 2915 2904 283455 9228 2562 3760 815 6585 79705 29953 2903 54212 5063 2566 40 9645 440823 6616 10777 23057 57144 1826 202559 23314 51761 83851 148641 27445 114815 729993 119 9956 4325 22866 1996 9515 23359 337876 102546299 23108 102724623 129684 1768 3756 440279 1008 11281 7143 120114 57495 343990 9201 2902 22941 114786 26033 5126 26220 8618 9066 1946 144165 124904288 6326 81832 10409 2917 6334 22999 161357 91584 101927554 359822 273 53335 57624 63982 285175 125488 785 23504 6857 1759 5799 491 23426 338811 442213 5874 114788 64409 776 2259 773 1006 57731 151126 5067 9856 25758 2257 6328 158038 168667 9892 3786 9699 84871 6323 60680 90134 8745 3752 3355 26034 129049 3751 5801 56884 57497 3763 26059 114795 26011 101929544 284930 6262 3745 6546 105373390 57451 23768 10656 2596 1620 63876 23732 285780 9951 6000 554226 7068 65268 157627 814 4978 4897 9162 55384 114880 400954 80059 5522 2892 8224 2898 1993 128553 92558 3354 136227 114818 114134 5579 777 2560 3785 11113 56776 84502 27133 2743 9348 222553 23544 6638 84448 152330 9912 10752 200373 10369 57528 1793 121256 2554 127138867 65055 83988 108 84620 6622 80003 5575 816 2043 460 162494 59283 9229 51334 4745 84708 4628 114800 54566 6547 8936 145773 83643 266722 23101 255928 407738 80034 401145 55638 8715 3778 101927587 401134 100507421 6489 10368 127602 2911 1272 10486
Ex-Neuron-L6-THEMIS-NFIA	147381 400765 6456 1010 4745 219578 146713 9478 9899 2911 64084 56934 1131 4753 29951 343990 815 2890 3084 101927554 5126 56853 91584 81832 9568 26038 348980 222183 57282 2904 7447 774 2567 729993 138046 23072 84530 6585 283455 56479 5800 9758 6014 23314 121256 6854 2562 23040 57497 2561 26220 3354 10368 9645 777 145581 59350 9228 57495 2915 440823 266722 2902 359822 148641 119 5801 8224 273 23057 4325 5063 6616 40 10777 57528 23108 342184 2903 1016 22941 55714 84708 54212 84966 101927189 8618 11122 3760 1826 202559 51761 27445 83851 60680 1759 26033 22866 114786 57144 9515 118427 387357 137970 105373390 9201 337876 1008 23105 776 90134 1946 9066 53358 285780 285175 6326 5799 11281 25758 8745 144165 6334 26011 1007 151126 57731 22999 23025 10409 137868 816 22843 134829 7224 6857 7143 161357 6323 3751 11113 9892 114788 653316 554226 168667 64409 2259 65268 23544 2977 785 146760 131034 107 491 284930 55061 2566 220164 23732 442117 8936 2257 120114 3747 84871 2185 101927531 3752 79605 79772 158038 3786 81849 114795 152330 3745 9699 57795 5577 23504 157627 2596 400954 9912 91752 26059 29906 125488 25791 10369 57451 9456 6328 55530 6092 5522 84102 84502 9162 6262 2898 56938 100507421 814 9508 54566 6546 1310 105374338 10656 55638 1768 23768 8927 4897 114134 114818 130733 55384 2892 10752 460 4978 2045 2560 84448 5579 129049 145773 5575 59283 135138 8507 80206 7068 92558 54331 79703 55711 65055 56776 9722 255928 6622 3708 4628 152110 407738 222553 83698 1620 80059 80034 83643 5099 101927636 84539 2917 9840 57512 2893 55885 101927151 6586 374860 23101 2044 80210 6645 127138867 8514 115827 79623
Ex-Neuron-L3-5-RORB-PLCH1	23316 131034 105369302 29953 118427 3084 90134 56934 9312 6014 81849 256536 348980 11122 1131 440279 137970 79698 4753 27133 9568 9478 2567 53942 6456 407738 815 64084 158038 147381 107986980 23072 146713 101927554 204962 26038 774 84530 1016 2561 442117 138046 56479 23040 9758 222183 145581 6096 6854 22854 342184 121256 440823 3747 266722 219578 40 9899 5063 57282 57624 132204 9348 2904 2562 2915 9228 5067 22895 1630 3763 283455 129684 57512 54212 1290 3760 2903 10777 79705 79740 1826 23057 56853 57144 51761 3751 400765 22941 7143 202559 51334 343990 101927636 1006 6323 22866 729993 196475 120114 27445 114786 9515 102546299 3756 8618 57528 83851 23007 26033 136227 2902 2917 6616 11281 9201 1012 105373390 1946 91584 23314 22999 101927891 1008 55061 5799 25834 339479 6326 161357 338811 654502 63982 6857 5126 23108 64409 491 101929544 2596 773 23359 8745 1612 148641 6334 2259 114788 785 359822 23504 10242 146664 2566 23768 2257 9353 9892 25758 84871 57731 9699 127602 114795 119 101927189 200373 151126 776 6092 2977 337876 26011 7447 107 57451 9645 114818 84708 285220 114815 3786 1759 1996 7224 11113 101928114 101927587 63876 26220 285175 26059 152330 4325 6585 114134 144165 554226 5522 6262 2898 9628 168667 9066 60680 2892 25849 10752 116931 23105 6328 145773 100132891 273 80036 10409 10656 6000 55384 114880 65268 100507421 9856 57495 4978 66000 51059 80059 4897 285780 9162 777 56341 92558 2893 10368 7068 84448 5579 8715 80210 101927531 115827 3745 1620 644150 2560 55638 81832 5874 8224 442213 5800 152110 6546 26031 134829 64405 56776 1768 23025 255928 80003 79703 460 4628 9229 23101 2185 83988 108 2555 5575 414764 8936
Ex-Neuron-DLC1-HS3ST4	9951 118427 400765 146713 2567 6456 9899 64084 2899 56853 29951 2044 9478 4753 84530 27328 101927189 9723 40 9758 5801 2561 22986 1016 774 9568 138046 10371 2890 222183 23040 23072 283455 10178 57282 5126 2904 815 114786 92949 57144 26038 129684 1131 777 23108 57512 2915 5063 53335 107 9228 348980 343990 440823 3760 6854 3084 3763 23426 10777 2562 51761 1826 23057 8618 6616 729993 27445 6585 338645 56243 4325 168667 22941 202559 7447 9515 6092 9615 9066 9201 25791 2902 54212 5799 81832 6334 83851 8745 93986 161357 57731 171024 6263 26220 22999 554226 84966 119 22866 6857 6326 776 1946 285175 60680 22843 491 1759 56479 54769 2259 144165 10409 148641 10368 145581 342184 25758 773 2257 23314 101927554 816 80144 220164 273 26033 2892 2977 785 337876 2903 9699 84871 22895 57604 148979 23544 55530 11122 9722 9912 79772 9892 6546 57497 9645 26059 3786 3745 158038 151126 114795 23105 79698 3354 6586 9162 6262 55061 129049 23504 1612 23732 65268 3752 6328 387597 2898 6000 124904288 10656 7143 51059 55384 80059 54798 4897 222553 116328 4978 114784 10369 5099 26011 108 64919 2045 653316 54549 114884 66000 340533 29906 101927636 2566 59283 5522 10486 5579 105373390 130733 79815 27133 814 56776 7991 101928840 8708 54847 26507 120114 53358 4008 460 80034 105369438 5577 51422 1996 4884 9312 400954 114880 114788 9229 2560 9871 283131 56704 79703 157627 401190 23101 4628 5575 642987 3778 6638 2554 1608 490 101929544 54511 57338 729732 55885 54566 10752 344558 64409 644150 401145 6489 59350 23213 90134 9890 80003 1272 132204 10446 3785 23217 26034 286411 284252 375323 65055 22874 3708 11113 7068
Ex-Neuron-CBLN2-NRGN	80309 160728 105369860 283867 124901604 8647 105369302 27019 199920 154790 64919 1428 5172 255119 64377 57687 9956 326624 400224 109729133 389421 101927531 256536 84830 400359 147372 1807 84870 147381 9615 64405 2250 55079 64388 9840 11075 7294 105369438 10125 105376121 101928376 54777 57495 2899 25859 79805 758 219578 105375387 9478 146177 23026 285735 4741 101928114 359822 128434 3084 146760 402381 2556 255631 112937 245973 59283 10368 644150 57624 6330 548596 5121 284656 1996 2674 4900 3780 90134 5582 114569 2888 342667 6014 102724623 653316 1268 2914 140767 3781 400765 348980 118427 5801 389197 101926971 148 29906 2596 478 9348 91683 53904 2558 81849 119 105374338 25791 9312 815 123872 148753 283078 115827 4293 3360 407738 84530 55061 2051 79705 9568 148641 55530 5800 26038 79589 152110 112268208 7447 9899 157627 157574 116443 40 50944 63982 440823 554226 343990 50614 9066 1641 222183 222865 6585 2890 83394 3763 4753 10814 101927189 145447 107986980 127833 55512 284424 79698 84966 9671 57338 5063 127254 9148 83593 440073 5874 57282 200373 8497 65055 26507 127602 3760 139411 9645 51305 2044 256714 23359 106614088 171019 3736 83482 285154 81615 23105 57582 134829 6092 283455 9746 146713 136227 2562 9228 3354 101928765 9389 51059 100128554 10417 6547 4948 23108 57569 55359 2904 442213 5067 375323 54769 23072 9456 56479 84940 283310 51678 22941 138046 145773 342184 284930 54847 92558 6534 2903 23416 134111 3747 129684 339192 54798 55244 23314 766 285533 7399 5799 60680 9515 1016 168667 6323 7226 774 57512 285175 6775 341350 2016 10777 105377180 285220 1290 1131 23217 441061 26220 5646 101927554 9201 5126 120114 23040 440279 6752 101927151 9914 84867 9796 222662 285513 55714 102724058 6456 84871
In-Neuron-ADARB2-GRM7	132204 442117 1131 23040 101928840 554226 57419 91584 54212 116328 84530 9758 774 1826 2904 121551 3760 23426 204962 158038 9568 2890 2567 6092 2561 91752 90134 5063 2917 5126 10242 23544 2259 402117 40 51761 9515 6638 776 9201 5799 114788 129684 2257 157807 161357 23057 8618 57282 2898 200150 56853 9699 2571 83851 5796 146713 6857 3747 55384 57482 152330 4978 57497 64409 79750 118427 2562 266722 6000 22999 27445 6854 1008 348980 114786 773 103695433 11113 283455 22843 55714 6002 6326 2560 9229 22986 3751 57624 375567 114795 401145 53942 26033 57451 83698 777 9892 222183 23504 64478 127138867 202559 101928469 84871 814 114805 6616 1600 114134 5791 57731 80059 57604 1793 26059 3786 440823 3778 2903 286 2902 338811 9378 105 30820 56479 5596 255928 55061 140733 7068 100507421 2742 5629 57512 9331 80206 23732 491 10777 9228 25758 145581 221935 22941 10718 2289 54715 1272 26038 285175 108 9912 115827 8224 29906 286411 400954 157627 6334 152110 66000 460 23072 4897 285220 2774 26047 5800 64901 341880 148641 60680 221981 344758 9745 6328 222553 9734 1268 2566 84959 56776 794 85300 57554 53826 3756 1016 65055 23328 121601 10369 9312 220164 2554 257194 956 4753 27328 83988 3479 7991 3745 4810 645323 57689 81578 22866 8715 23194 101927531 80034 343450 22871 147 340533 6547 4745 56884 728215 1012 2044 1759 286183 23327 5067 7402 80003 137868 815 375323 23101 816 59269 127602 1620 80333 125488 116135 11174 10123 6323 163404 57578 9628 81563 3354 25849 23359 2906 2891 23500 85445 54331 4915 1496 7143 55799 783 1612 4643 10409 79822 55711 1607 6091 51617 90632 26040 9750 2893 256435 1515
In-Neuron-TRHDE-RALYL	30010 132204 2897 114786 2890 23426 23040 2899 3747 56853 1007 81849 10242 116443 81832 2904 115827 8618 10178 1131 6092 55083 9758 27445 6854 56243 6857 2915 774 6638 138046 55714 5799 2259 27328 29953 9699 26033 54212 9515 57528 57282 348980 23007 2898 146713 51761 2257 161357 1993 9312 773 57451 9228 375612 204962 9201 25834 103695433 6616 4978 2892 9568 283455 6546 388336 84871 6262 5063 9229 26038 2571 55384 222183 83851 1612 1793 776 100507421 286 785 53335 10368 30820 145581 10082 2911 114 65217 54715 2572 401145 5801 2902 1012 22895 2903 57144 22999 6000 57482 3763 64478 3786 135138 285175 79623 1006 56479 10369 2289 23057 79750 101929563 6326 79698 57419 26011 60680 53942 57731 1600 7068 6323 283131 9892 57616 10718 3778 9378 7447 55553 3751 554226 2322 2560 140733 1272 4774 26047 54847 101928840 114880 129684 8708 202559 4781 1759 5800 56776 389432 286411 2823 1804 6334 442213 81831 114134 6547 84959 2561 1016 222553 728215 460 157627 152330 777 23266 3760 26059 84570 23194 1008 7074 137970 9162 440823 340533 2562 84530 2567 56884 10752 1496 140767 57554 101929238 285220 4915 5067 80003 3092 144165 257194 114795 441061 2045 491 758 51059 55799 79971 5178 55074 6328 3745 6091 23359 57502 22941 83988 57574 2895 440279 57512 55530 129049 80034 2557 5796 3738 337876 11122 57578 253782 6304 23732 108 26040 9645 9369 124904288 2596 119 85300 4133 10409 9628 1310 255928 134829 10349 4325 63971 442117 90362 64901 23254 50859 3752 25758 220164 6272 9912 23245 114818 151126 653316 114884 401190 9881 80059 273 1010 59283 23504 259217 6489 1501 400765 26468 53353 57569 22843
In-Neuron-ADARB2-IL1RAPL2-CSCL14	56884 442117 132204 23040 53942 146713 554226 158038 1131 774 23426 3760 56853 2890 2904 9758 2561 115827 729993 3747 2567 40 101928840 9568 84530 1826 57624 54212 1268 6092 116328 5126 114786 51761 348980 5063 9547 22986 2259 23057 9515 57282 6638 1139 22941 776 114788 2257 6854 2898 2562 9699 3751 23504 5799 204962 56479 51334 285220 9312 145581 27445 8618 9228 2897 57482 3752 200150 79750 30820 5800 4978 337876 55384 3786 6002 6857 26280 283455 22999 8224 80059 9201 2560 222183 2572 6326 9229 161357 2917 25758 6000 100507421 777 121551 26059 401145 22895 9892 84871 23544 1793 55061 64409 814 57512 7143 26038 1993 1600 25834 2571 66000 6616 83851 285175 341880 108 10369 202559 220164 153328 7068 60680 1607 57731 9378 140733 105 286411 2902 10752 63876 26011 9162 57528 127138867 6328 375567 10718 23072 54549 9734 90134 157627 2774 65055 114134 785 1008 222553 2554 57451 57419 23768 5067 114795 6323 2044 2915 152330 26047 84102 344558 1007 129684 23732 773 1630 6334 4810 55022 55714 53616 2334 3763 10777 81563 81831 2045 80034 22843 64901 4774 9750 460 340533 2566 101928469 255928 2891 57689 148 59269 22871 3479 151126 22866 1010 85300 157807 6546 80333 26220 1804 57578 57554 8821 816 9890 388336 266722 54715 338645 114800 55799 645323 152110 6547 5796 81849 92737 85445 1759 79698 84502 80731 84959 57476 84448 80031 116443 8708 127602 440823 57502 65268 1016 55074 956 119 10409 400456 22852 163404 79605 1641 56341 4482 4133 1002 91584 9369 51617 121256 5178 2557 79822 57604 375323 85004 273 91133 23254 1006 2066 101929563 81832 64478 221935 81578 4861 137970 134829 25849
In-Neuron-ADARB2-NRG1-RELN	2258 30010 137868 56884 2897 11122 23426 23026 158038 53942 3747 23040 57624 2572 146713 442213 137970 774 2903 114786 2915 121256 2890 554226 9568 115827 51761 2259 79698 30820 2561 6854 2904 238 23504 56853 25834 22895 114788 2567 9515 27445 2898 348980 57528 79750 8224 6857 116443 6092 9758 22999 6000 114795 129684 3084 5649 116328 2893 9229 22987 3760 65217 8708 158326 101927531 101928840 729993 1131 1600 5063 26038 5126 84530 57512 222183 64919 140733 81832 57144 51334 105 6638 57482 5800 27324 777 442117 758 375567 148 2902 339788 26047 80309 2571 9547 2334 57574 23254 80310 3815 121551 84570 79722 341880 26280 11249 374860 56675 3479 2906 105376541 130576 79625 337876 401145 2562 7143 6323 8618 90134 60680 51678 56479 54715 23057 2257 9699 22941 9312 10123 153328 55061 84443 84959 2066 2554 285220 2070 63876 773 79772 80144 220164 338645 26059 2044 1139 10368 1268 57282 5579 956 84969 59283 9734 5799 23768 100507421 55384 7857 3786 10369 204962 124904288 157627 26011 286 222553 2891 84871 22986 283131 80852 6546 127602 23732 56341 6616 2557 1804 283455 57554 100505996 389634 23236 27133 1993 440279 776 83851 3763 1795 100129620 4948 101927289 222008 171019 2774 92737 5318 9228 55022 5218 55530 3354 54212 3752 57731 1607 2560 80333 64478 101927636 163404 3781 84502 285175 283514 200150 1007 85445 1996 55118 7068 2195 59269 286411 157 26137 6326 5923 22852 4045 2045 9892 161357 460 50944 125488 153768 114134 23467 8395 53616 145173 84102 8821 114880 785 145581 134829 2131 344558 340533 10752 90362 222537 4915 57795 221692 9162 342184 494470 114800 55691 256536 2892 64409 26220 127138867 25830 85300 5796
In-Neuron-DPP10-MEF2C	345557 23026 286 102724058 56884 375567 375612 91752 2567 2258 3747 10178 442213 348980 57624 2890 767 53942 137970 238 91584 114 2897 121256 2904 57282 9758 23426 6323 23504 114786 56479 3763 23040 2561 6854 64919 129684 23544 57482 79750 9228 6638 22941 642345 3760 338645 118427 2915 6261 90134 57419 10242 222183 219578 774 151647 54212 121551 342184 344758 83698 10369 56853 442117 51761 3746 8618 285220 9568 389432 84530 3756 3751 266722 338811 27445 149297 1010 26033 729993 26011 83851 55061 57528 283455 2044 221935 5799 112268276 22843 57604 1303 8224 25834 26031 161357 157627 51454 202559 63876 776 79937 6857 114788 26050 200150 2259 2257 773 114880 491 9645 114795 23057 107 55816 6547 1612 152330 22999 2892 2562 170691 728577 84448 8708 6334 5063 114784 3786 440823 92558 860 83988 2898 84871 57451 130271 55966 116443 30811 785 57512 1306 30010 2893 55384 26038 105369438 255743 146395 255928 1301 2334 23428 81578 9478 23105 51617 55711 2571 90362 60495 1993 1007 814 441061 10368 1759 10891 2774 9856 2554 57144 221981 55531 60680 9229 5126 25849 101927531 440073 6444 1641 1600 26507 90161 11075 26468 84959 54715 55107 285533 161502 257194 119 57628 7074 115827 116328 256021 27324 478 81831 57582 2566 2786 57574 94122 222008 146760 85300 254559 10815 2906 9956 129804 58512 57689 134829 4311 26047 84435 341880 6710 79974 55118 101929563 11245 4985 140767 2596 130576 154790 57526 283514 79827 9900 79616 23245 9718 117 135152 9957 444882 256130 341350 285878 2066 7224 956 51361 124925 22844 27092 130574 29993 7857 11096 100505996 57596 402117 222663 2563 10882 26960 9196 2254 101928944 654790 55512 3790 170302 128434
