Arterial	79658 5592 4430 6529 5159 79789 3355 221981 143872 27115 5336 84251 51196 4916 23500 151258 4091 1607 8821 55799 220441 6573 54438 477 5745 100874369 255488 6641 22998 8503 8622 5139 1356 5787 23284 4811 3909 2078 64123 5602 25924 4855 6507 249 4301 2262 1368 55532 7010 395 596 9844 1004 10052 783 1756 5175 79875 10217 9934 85358 2122 154661 1009 79993 4854 57101 5362 7450 10231 55930 152189 3983 2317 257019 79602 114800 338596 654 388815 50509 6513 27147 9429 140876 7424 2913 3655 2313 54873 9037 2918 117248 124359 2043 8490 51705 25758 19 256435 5420 401474 7052 116159 81035 22856 151473 147463 23243 6539 57125 8633 64759 1948 130367 54039 55243 55917 54622 728577 5243 4842 51162 57514 152330 3680 1780 64283 153579 64094 9628 2895 79772 55824 947 2530 1124 6103 9709 10090 6909 253782 558 28231 6303 57580 1634 744 57493 100132891 2887 2650 65983 57480 10085 283383 8825 57162 57194 5825 54536 90632 6397 54453 144402 84952 3685 55959 8871 55790 3635 79611 9096 5924 5140 27443 4131 1285 9915 6480 5128 7222 55691 105 56920 441094 1363 57458 7273 2321 159195 80731 79633 657 800 54477 9882 9828 1608 7545 57139 55679 3133 55022 11178 5764 6586 6095 27143 90102 3480 8395 111 56654 93664 57630 79870 22979 7111 151742 399959 9732 29119 22925 5783 5998 5293 11309 22854 64327 220965 126669 7122 100526832 3075 196883 401145 5137 23263 85004 5287 8654 10319 2009 1843 85407 4739 57477 1000 7026 6540 23136 3397 57732 221395 6575 1837 6764 1286 2022 8459 6581 83716 3551 5530 57496 953 9457 83938 91133 8502 54852 9686 167465 22861 26051 6913 11170 105378909 23368 285671 90 160622 25937 2012 351 1909 64409 3679 5218 5445 23150 9414 6453 85461
Arteriolar-SMC	6586 9628 83716 57101 2122 57480 2313 2078 5787 79875 5139 5175 25924 55604 22998 7450 5243 8503 29119 6546 783 79993 4301 10231 3983 152189 6581 64123 338596 153579 1780 9844 11155 201501 3655 256435 84952 117248 4916 255488 8395 51162 5420 154661 5362 57514 4855 85358 2321 124359 401474 3635 11309 6196 79602 4091 79658 8821 1607 79789 109 151258 9429 64759 51196 25992 8566 3355 1837 6397 23263 8140 4163 116496 221395 130367 151742 143872 9922 344558 57493 5159 114800 1608 1756 25802 51705 221981 7052 4739 6541 9096 7010 54453 6103 57608 54739 5592 54438 5583 57181 6513 2317 220441 4629 84251 306 2895 2043 79742 159195 9712 28231 51088 4862 93649 2022 10098 949 55959 6909 7037 90632 116159 9060 4131 1368 29091 9882 23670 7122 152330 57477 54843 9915 5136 4430 10085 111 51703 100874369 6480 23114 93664 29780 55243 395 167465 182 3455 4854 1004 54622 728577 5445 2887 22856 23037 596 54873 6303 22979 94240 64327 1356 11156 55930 57139 5128 64094 23294 23348 9267 2009 947 55799 5924 144402 654 115677 9037 7075 340485 257019 348645 64359 5602 79739 80731 4162 54492 8654 10982 10335 26040 558 3075 6345 26508 5939 5144 2066 222553 253782 55691 541471 9457 80014 100132891 4811 6913 1909 8633 7111 27145 9472 351 25937 84159 220965 26030 10486 91133 81704 800 80781 11141 287 28996 2776 4642 3679 25966 11281 80852 8516 1284 8837 4205 161357 1282 25849 219771 8496 57154 3480 114907 65268 845 10398 659 55151 3487 6876 2059 5797 57158 463 57488 54751 5468 284 5154 344148 11030 116154 8874 65065 401014 6711 57194 10395 3092 114781 23345 4026 2034 6660 5796 1879 246175 118 57460 23368 9709 54852 79633 83938 3133 4093 5530 84441 9839 6328 59
Artirial-FB	23768 80114 23460 10351 2192 5156 101928583 30820 5212 730 5010 101927289 27286 2327 64131 1293 26033 1306 26011 54716 6444 1303 79827 349136 3290 2258 55784 3973 25891 105369438 348980 3776 5318 10349 2162 57214 10350 259232 1545 10154 2893 2719 33 2152 4920 1902 2274 114784 8854 8522 165186 1646 3912 347 54757 101927293 51678 257194 5337 91522 10788 1305 84898 144165 101928104 84871 104355297 3603 89795 57562 55504 55182 118429 2200 53616 5396 388815 54829 79974 93986 22871 85449 5730 4916 140862 4035 285590 53373 144406 1634 55022 7049 285154 7068 114793 80005 1740 55640 9945 1278 8869 100506403 7025 3908 10319 54532 727936 401541 387700 8814 81035 399959 1908 92293 79836 79745 83478 23254 120 145820 53353 81848 54558 7148 165 10659 79632 3910 29969 55103 1842 254827 441094 860 715 23359 10656 7371 716 55619 22836 9915 4915 171024 1287 22981 3915 54796 5578 1124 23657 9096 89797 56899 2006 27122 10810 83999 285600 57134 10516 26031 219654 1009 7837 23245 51422 63876 54477 55384 4857 122786 100506686 649 54793 79659 221935 408 64067 10984 23179 22795 1601 101926941 79611 8626 85407 339400 29940 6095 23034 147495 51312 79621 22874 152503 80332 26960 5883 6840 125058 9465 5376 101927111 5783 27303 4958 22801 23136 105377623 6091 85458 5549 55556 10171 25925 5325 57728 642776 6303 8516 5799 79901 51279 124909494 101927394 55785 138639 26115 6507 55799 7545 58499 2272 9902 57584 10098 8554 55075 340554 285195 2042 2823 4756 84168 10580 728621 5295 84133 66000 414778 27152 4784 3717 19 9871 11107 220930 65268 1291 442213 388336 100996709 154810 80210 51134 5587 56172 2752 81029 57539 220323 10010 2774 9120 115123 1292 152185 55970 2131 101928062 1820 147923 80176 23118 203427 79750
Capillary	667 100874369 79658 151258 79789 5592 5159 8140 51196 84251 6529 3355 4916 23500 143872 1756 6566 26040 92521 8821 440345 1607 100132247 55799 220441 6641 613037 153579 5139 6573 8622 5745 5602 781 783 84952 395 50859 1004 6541 596 2262 55532 477 3635 92293 6507 10231 10052 1368 388815 9863 10217 9934 4854 7804 338596 11309 9839 65983 7037 343450 57630 253782 84879 5334 23263 7450 5332 2913 57685 2059 7075 140876 51162 1119 9037 8566 50509 83857 57101 5787 2078 2918 9079 9806 306 949 1730 79993 54039 800 8490 8633 8654 55243 124359 401474 3655 64759 79742 2313 81035 744 57181 79875 53405 6539 25924 152330 2895 57125 7035 6480 55691 64094 1780 5420 3708 9628 55824 152189 5362 117248 5175 256435 4811 57608 2122 558 5243 64798 4651 10090 6909 3908 7222 4301 9429 682 340485 6505 1634 100132891 5125 8825 540 64123 10085 6764 4091 4131 399959 4026 23670 23677 4430 10079 7223 83872 1285 124909494 10276 8503 4855 85358 9096 27115 167465 441094 8884 23114 57194 79611 91133 22998 27443 1286 7545 657 9828 23284 105 151742 2009 10580 9712 80731 130367 6586 79602 64409 84441 6103 5467 1282 57139 1608 5445 11178 283383 57670 51703 154661 9201 4781 29119 5218 55022 84159 7111 257019 8395 64781 3983 28231 220965 5764 255488 79739 5783 55679 9886 3566 57480 25759 6397 22925 23294 10098 6513 1837 357 5293 2321 2887 3455 100526832 10319 5137 115677 2022 26052 348645 1284 25992 604 64344 6581 10628 947 159195 7122 29780 111 26018 93109 6540 83716 1363 9457 11030 11214 54852 7586 51088 54453 9882 57493 29091 1176 114908 2983 57514 23136 28 143686 375449 55604 6913 83643 1909 182 114800 3679 285671 29940 117583 7026 400456 57460 55742 11213 23368 4139 80005
M-Pericyte	8622 2913 79875 57101 5787 6573 55532 2078 6507 4301 84251 25924 2262 2122 5175 23500 22998 3983 7450 79993 338596 5159 1607 2313 6529 8503 5745 27115 79789 5362 64123 8490 256435 143872 9934 3355 3655 401474 9844 255488 153579 51162 117248 124359 84952 151258 1368 51196 5243 4855 8821 220441 57194 10580 79658 9037 152189 154661 85358 477 5420 4091 11309 57480 140876 2918 6541 57125 6539 8140 50509 5602 79602 23263 9429 4916 3635 4854 6480 283383 257019 100132891 6103 5139 10052 130367 54453 5137 6641 22856 3480 114800 7010 152330 2317 4430 7052 221981 57514 23670 5592 2043 54438 744 10231 1004 1285 4811 92293 395 596 2887 64759 23284 79742 306 54873 64094 57493 28231 11178 55959 57181 728577 55799 51705 783 57630 253782 6513 80731 2022 7222 388815 10217 159195 9915 116159 90632 2895 1286 10098 2321 100874369 9628 1756 51703 3909 7037 3566 29091 8566 54039 23368 105 6505 57477 55679 54622 1356 57608 9712 5764 4781 7122 29780 167465 2009 3455 55824 1780 9882 1634 152273 4131 65983 22979 8825 55930 6397 5445 64327 57732 947 340485 57139 4093 7075 9414 29119 10090 4651 8459 8633 348645 27443 6909 57458 57105 6586 6303 100526832 7223 23114 399959 23294 540 2114 5293 8502 8654 55243 144402 81035 79839 23380 55917 80704 441094 25992 3133 23677 151742 558 55790 154043 4739 79633 54852 4643 7545 6581 9709 22861 90 27147 111 54536 5128 57488 3382 577 3685 5218 2650 79611 6913 55785 220965 5783 2983 9267 57685 57670 126669 9096 2977 5924 93109 160622 51088 2308 5563 3551 25825 7026 25759 246175 6482 3459 9828 7111 5998 9686 5467 116496 83716 3710 1000 57496 23243 6566 7804 6793 4045 753 58494 10564 10060 8470 10079 80790 57162 8395 4734 5784
Meningeal-FB	158038 3778 1301 2139 53353 55304 55244 6542 2138 54757 116328 653 93166 57419 123624 1131 120114 23105 101928104 127602 5729 10512 259232 5318 51678 80310 64168 387597 349136 1612 2263 33 286133 119587 10804 8038 133121 2736 79776 9358 79083 654463 339896 223117 115111 56341 54102 688 54463 4223 50937 9353 3606 54716 8671 54796 91584 57188 80114 346007 10082 5730 214 79822 79781 729830 101928882 392636 1577 79827 80036 2561 92949 23213 10154 114793 100506581 2202 90139 2152 6444 84102 83700 81539 401562 93986 159371 288 337876 3691 54511 7111 4233 55366 55799 266722 145581 5791 783 5783 5136 642776 1832 27086 2752 22837 90102 8626 25890 101928583 57134 54221 8633 4035 56243 6660 5793 23245 23382 22874 9249 1902 9467 26012 27303 5063 23057 10395 79974 1545 22925 728597 6925 2034 1879 10186 133308 53904 8404 5796 399959 9644 323 4199 2774 374378 3672 2321 26037 8847 64283 8470 105378858 23328 8543 201266 3490 2059 55714 5337 50807 256356 79745 9882 28232 51176 168667 221395 285045 51422 79875 157769 283131 256435 57194 7422 23092 2122 11214 11138 23345 8708 79993 9185 2 2313 6752 375449 8611 440270 23194 57609 57214 4739 5332 85461 5787 65250 11213 2889 83660 6675 124540 7450 1602 10984 6272 25924 89797 80760 287 3908 25966 23034 221656 8997 3953 7402 57480 23236 51162 57210 8527 11030 8503 255743 9922 64097 5578 5101 7025 115677 7145 23180 1284 23216 3726 5175 10142 4133 64123 66000 9265 9462 4208 253461 169200 2113 79602 152189 151258 257019 23254 2078 6397 2120 256949 10129 124359 118 9873 27151 51088 23499 90627 9429 54739 56999 100874369 1740 140733 57493 29780 955 4430 57520 6383 4855 51776 8301 160851 445815 2869 3655 55917 6541 80005 340554
Microglia-vascular	6916 54502 1794 313 55843 2533 54518 5788 6556 3055 1612 7097 10320 1536 6850 118788 23533 221472 6503 9332 10859 4481 3687 64092 942 6688 1378 3936 963 51411 1462 79895 3071 64581 4360 58475 64231 10288 2212 3587 84106 7409 9473 4688 27128 120425 752 89846 55016 1438 5452 342184 100506403 8714 80896 9056 23406 1520 8522 240 9262 2180 10788 3059 4542 54331 55784 30817 3683 409 54504 10154 54947 29992 81704 3676 2185 57698 3778 64744 1890 4155 23108 8635 64131 84898 83478 4067 8514 5795 8942 2162 23240 9830 79890 5579 23312 9050 4261 124935 54757 81553 5142 139818 5058 6546 116985 23166 285195 9938 50515 374655 393 401548 4126 976 1436 284996 11031 10507 9516 51571 3784 1075 84868 25832 55840 285590 151556 5791 84959 23313 55320 10451 25939 55589 4125 1508 79745 51816 9586 4600 157 10673 132320 114793 960 200424 22877 54103 10312 4033 1955 80005 81671 4853 972 9839 408 4650 7187 7074 57533 11237 9658 9846 85464 4644 427 1535 343099 57522 79651 5325 10019 8935 5329 490 11064 55619 3556 54436 5966 23136 55824 114789 10188 5793 9750 11177 9958 7453 10890 64072 23186 22837 8527 54715 9734 84669 221895 57705 2885 22821 57674 55577 23179 10000 6303 9517 3937 26037 9369 3123 160 51312 26031 4035 219285 80709 23276 64420 55196 112616 23370 221656 5660 55313 841 1806 23150 51347 2643 5209 8994 5140 64397 10659 3965 8073 7903 9909 9194 1124 55737 4048 79670 120892 116984 4121 27303 6793 7133 2633 23157 23228 114885 1871 10533 323 126308 3717 8569 80216 6452 55332 171586 4084 7082 161176 6794 51092 128989 7408 79940 2495 3600 89849 51762 64421 760 3516 4363 10186 334 9334 2729 472 140688 9467 26469 23515 2799 23762 57484 51363 11214 9881
Pericyte	57194 8470 5787 57101 2078 25924 4301 79875 2313 79602 7450 338596 374378 3480 10580 22998 79993 5175 401474 5362 6480 3983 8503 57496 124359 256435 64123 51162 4781 3655 57514 2887 84952 117248 255488 4855 64327 153579 9429 4643 2122 5420 22856 4091 9882 152189 23294 154661 5243 8502 57488 4205 5445 57480 85358 85461 11309 54622 9844 54873 6541 6397 54453 5924 144402 25937 8140 10611 57493 57181 55679 6103 54438 9712 23263 3635 51232 219771 54536 159195 6505 80014 2317 2321 3566 64344 130367 3267 3685 9693 23380 23670 7052 351 7010 1499 2043 23143 2776 5128 6529 5286 28232 114800 54739 10564 246175 83938 6513 11213 5530 25897 3455 2022 7037 221981 26052 3909 6507 51701 728577 64359 90 6573 23348 2120 2034 8622 5066 79742 659 23345 306 9213 57732 90632 9922 5583 55917 4739 6303 5784 753 8566 259230 9873 8848 10098 221395 2040 93664 8837 57477 4306 55959 115677 477 9686 28231 29780 5745 2308 2114 57608 92293 57162 51088 9267 5825 221692 9639 4862 9709 2009 3551 25992 5467 51705 152273 340485 57458 23368 51703 116159 167465 613037 22979 2262 29091 1362 8459 9915 25825 647135 3133 5797 1356 55930 84251 3459 9414 7204 4093 3977 540 947 5592 23677 7075 23233 80790 23243 3096 8301 348645 79633 8496 953 151258 23500 154043 55790 2280 54852 80704 6925 57580 2650 27115 2918 1000 3382 55785 57670 22861 196883 126669 1368 79658 5998 3355 3710 93109 7804 57556 6539 58494 81035 4916 79789 10052 51196 5159 4811 143872 27443 105 9934 800 57125 50509 140876 3908 65983 27147 10395 6095 463 2059 8997 5728 283131 5793 56288 2289 118 3241 100874369 4734 9806 64283 10135 10079 4651 6272 5336 147463 7122 2355 160622 56261 9337 9710 1176 91010 100505495 84910 654
Pericyte-2	6539 2913 644135 55532 57125 6507 7222 9934 2918 81035 1285 8490 744 9037 8622 1634 5764 6573 10090 64094 1004 23500 6641 5159 57105 100874090 1607 5602 10060 55824 6540 100132891 79611 55022 152330 10350 143872 1286 388815 220441 2262 11178 50509 140876 4854 10723 5745 283383 395 441094 84251 79789 6529 596 253782 3355 27115 8821 10217 5137 7223 51196 10052 2078 2983 105 1368 80731 57101 8654 4301 2977 101928404 5139 79875 57630 55799 7035 54039 5175 8825 79658 23136 100526832 64759 399959 79993 7450 79839 7026 22998 5218 23284 27443 5787 4430 4811 151258 338596 3983 29940 64123 8633 116931 255488 477 220965 256435 54997 5563 1278 117248 122786 3655 7545 5362 221303 577 401474 8503 25924 2982 5783 1756 153579 10319 84952 5293 9828 2122 783 55243 65983 257019 10231 4091 1909 143686 51751 124359 57194 93986 57685 10628 22925 2313 11309 9457 4855 85358 657 157 4045 10085 51162 154661 9844 1780 5396 1363 23263 50863 9096 400456 10580 6480 5592 3635 8140 3679 5608 57381 9839 6541 130367 6913 80332 4023 5420 22856 23114 221981 6764 114800 9429 7273 5334 92293 7052 2043 9902 6103 7010 124909494 92521 79739 55803 4131 152189 2246 79742 145820 344595 5243 11281 6575 28231 286097 306 151742 90362 133522 7025 55137 1600 2895 23670 54438 54477 6453 54873 26030 100874369 3745 57139 9771 85004 3480 79602 541471 53826 1291 220164 55679 337876 54843 10082 6505 252983 79785 343450 202151 9912 85301 63982 55255 100506474 2887 4139 6769 114991 105377443 54492 401190 27242 22836 23704 57447 2550 27255 23493 2770 54453 84168 196740 760 1292 56937 4254 7225 1290 57480 55068 9420 3566 4781 54861 154091 4035 80031 57705 952 25966 1287 10129 53919 64150 9781
Pericyte-FB	80114 23768 23460 5156 101928583 730 101927289 5010 30820 1306 5212 1293 54716 1303 3776 3290 84466 79827 2327 2258 349136 348980 10351 55784 1545 2192 27286 64131 26011 54757 10154 2893 26033 10349 10350 51678 2274 2162 2152 81792 1305 3973 33 6444 5318 57214 3912 1902 25891 259232 10788 347 105369438 4920 8854 101927293 84898 8522 5337 388815 5396 4916 257194 144165 4035 104355297 57562 118429 101928104 1278 5730 114784 285590 7025 55504 80005 79974 3488 1634 93986 55022 53373 22836 3908 2200 140862 55182 81035 63876 6332 9096 89795 285154 399959 10319 84871 53616 23254 171024 441094 8869 387700 145820 7049 1842 7068 6095 5783 83478 10656 727936 9945 114793 55619 1292 860 57134 8814 55799 6383 283383 1740 80332 54558 5602 649 29940 81539 109 10810 401541 716 3915 85449 3910 53353 5325 64067 2321 79611 1291 22871 22801 642776 22877 1287 7450 120 7545 54477 22795 84168 5243 1289 729085 66000 79993 6507 8516 5802 54532 124909494 374378 9902 57194 5787 219654 85407 4811 23136 56899 395 2122 81848 25924 1009 100506403 23179 8503 165 783 9882 4853 2078 56963 2034 657 101926941 408 23348 5592 55640 83716 122786 6091 220323 26289 5549 55970 55698 10659 79745 715 6540 201501 400456 124359 5139 26960 27122 22981 143872 81553 604 153579 5175 64123 152503 6764 338596 91624 65268 259217 84182 132884 9429 4855 80781 6397 3655 4915 2313 255488 89797 9037 79658 388336 51162 8626 83999 4921 5578 27147 477 64084 1756 10335 7026 29119 22925 203427 81029 154661 9500 558 463 5583 114800 10516 6586 100507053 8140 10090 22873 23657 3176 64420 221935 57496 256435 401474 55160 85358 55137 7275 57514 4629 65983 152189 2550 6641 19 273 9644 285600 55243 344558 79602 2138
Perivascular-FB	23768 80114 23460 10351 10349 2192 5156 10350 101928583 5212 57214 5010 347 84898 5396 1306 30820 2327 1293 5337 101927289 3912 730 27286 55022 1634 101927293 93986 4035 388815 1278 53373 55182 80005 79974 57562 114793 1303 54716 64131 7049 2274 26033 118429 4916 26011 54558 144165 1545 2200 55504 79827 349136 6444 2893 1902 2152 7025 85449 2162 54757 140862 860 2258 3973 3776 55784 4920 1740 51678 1305 8854 8522 10788 89795 348980 259232 10154 25891 105369438 104355297 5318 3290 81792 53616 91522 101928104 4053 257194 84466 114784 3603 3488 5737 33 1281 1646 54829 286411 117581 2719 79776 3908 7058 6332 165186 256691 23072 89932 6329 79987 54947 79083 54504 285590 108 10319 144406 4147 6095 55640 285154 3915 7068 10659 9945 8869 81035 399959 9096 22871 387700 5730 441094 10516 2034 79836 145820 27303 84871 81539 152503 1287 54477 715 716 10656 374378 22836 171024 8814 1009 79611 1908 3910 120 29940 2199 85407 92293 1294 55619 219654 54532 83999 23743 401541 4915 89797 81848 8470 7148 122786 727936 23254 23179 6935 64067 23657 9104 57134 26960 5578 2321 63876 83478 1842 100506403 4208 408 64359 57194 7545 64097 8554 79993 100190938 165 22795 5549 124909494 79745 5583 5793 9915 2122 83938 5602 6867 51422 101926941 5243 10810 1602 7450 220323 57584 3672 729085 9882 7371 254827 23224 23266 5787 5325 23359 6840 8301 7402 25924 6272 2078 10529 221395 28232 6507 8503 4857 79659 27122 2889 5376 26207 55799 338596 55103 4739 4853 2 147495 23180 2006 23136 57496 80332 1292 84182 22877 401474 55075 1289 23348 9693 26115 22801 84168 152189 125058 5175 153579 2042 64123 4133 64344 1124 56899 79632 23024 51162 6397 5783 3092 1601 54793 90632 6505 255488 22898 8516 4811
Perivascular-FB-KAZN2	23768 10350 80114 23460 10351 101928583 2192 5156 5010 101927289 30820 1293 5212 1306 1303 10349 57214 2258 3973 349136 64131 2162 4916 10154 2893 6444 79827 2327 3912 388815 27286 26011 55182 347 8522 730 2152 3908 5337 2274 26033 101927293 84898 1902 1740 2034 144165 374378 81035 1634 8470 257194 6095 64097 54757 4208 85449 57194 10659 55022 64359 3672 57562 2321 93986 114793 9882 5793 5583 4035 79993 2889 10319 6272 5243 89795 25924 28232 375449 7049 57496 83938 5396 323 79974 6867 55640 2122 7450 10529 23180 5787 53373 64123 152189 2313 9693 8503 1602 55504 4133 4739 22898 23266 4249 22837 2 401474 23348 2078 221395 54861 23254 5175 92293 338596 23143 54558 8997 51162 5730 8301 26207 57488 3655 153579 4627 124359 89797 27303 6505 7402 5578 9429 4855 79602 90632 6397 54622 57514 92521 399959 8140 81 4781 85358 9079 6660 25966 154661 255488 6541 56999 57493 4643 130367 64344 118429 54477 115677 2113 29780 55679 3635 401541 23263 4306 54536 257019 11343 10611 11252 55075 23224 3267 340485 2317 2040 285527 8611 160851 151258 80005 7037 3355 23114 57732 84632 3092 79789 3685 64327 10497 1368 91010 116159 51196 285154 140862 221692 55114 54438 1009 81619 6252 4091 5467 2043 114800 8848 57494 118 6513 7025 4205 3915 2120 7052 23232 23284 8814 768211 9223 10129 22856 256987 23075 259230 28231 23345 221981 79742 3977 85461 23216 54532 22848 306 5420 6935 7010 5552 5269 2262 6103 219771 11213 682 2114 10044 57458 57477 23368 348645 50807 9710 1607 81575 167465 2013 3133 2200 10867 23670 51703 5286 7148 8459 153090 57568 7075 80704 5445 51701 3909 5128 26960 4179 5602 256435 4093 5533 25829 3910 8566 55930 9060 55917 7068 5151 22979 8395 1843 54873 3911 947 9414
T-Pericyte	81035 2918 6539 6507 55022 8622 6573 57194 57125 2913 79875 23500 105 10090 6540 55824 57101 6529 5787 2078 9934 4301 25924 64344 8470 2262 5745 55532 6641 3983 338596 22998 84251 5175 401474 27115 7450 8503 1368 8490 388336 5362 79993 10580 5159 10052 256435 117248 7222 4781 64123 84952 124359 3355 255488 477 10217 3655 6480 143872 3480 4855 157 5293 140876 2313 79789 79658 4091 153579 85358 151258 51162 9429 51196 22856 744 399959 11309 4643 27443 50509 2122 23263 6541 7273 55679 54873 154661 6505 54039 3635 8140 63982 1607 79602 388815 1285 10319 2887 57105 54438 10350 130367 114800 2043 23670 7010 92293 5420 6103 3909 4811 9844 11178 221981 5592 728577 5243 596 10060 8821 152189 23136 10723 5602 7052 55799 2317 79742 27147 306 57181 253782 5764 159195 57496 79611 23284 283383 64094 6513 374378 90632 4854 220441 28231 22801 4430 7037 27185 57493 152330 9180 116159 93986 1286 2977 5445 65983 3566 2022 6303 10098 51703 5218 441094 2355 753 9037 1272 1356 577 9712 64327 57458 23368 3455 6575 28232 2009 57685 167465 57477 1004 257019 7223 54622 8502 80790 55930 54453 3685 100874369 8701 3977 9414 395 8825 5137 4093 57630 1634 947 55959 22979 9828 6764 50863 8459 340485 5286 2114 348645 3133 7075 23380 23677 11213 29091 54536 7122 23294 54997 57514 55917 9882 51232 1756 154043 5351 144402 55790 9915 10135 5608 540 80704 8848 10611 54852 22861 124909494 22925 3382 51705 9267 5396 90 10079 8633 953 4916 2650 3551 1499 83938 79633 246175 9686 55785 23243 6397 64150 5334 57608 26052 5467 10564 126669 3096 9902 25759 2040 9709 4651 5924 56999 29940 3267 57488 5128 57670 25825 3459 3911 4205 5998 93109 9732 55243 1843 54477 80303
T-cell-mixed	5788 313 94120 8631 10788 55843 919 10320 154075 84433 6775 10225 5588 54518 149628 1794 2533 23533 3683 4542 100506403 54331 4155 3702 81539 55784 3676 4603 963 22806 26191 9595 9262 64131 321 6653 133418 64919 864 9402 51411 100506776 6503 399 81563 128611 51348 100130231 84174 80310 89846 10417 256380 353345 339789 10125 387357 3936 401124 286530 84941 125488 147138 100528032 3932 114836 80342 4684 914 752 7535 7409 51316 9047 9744 257106 3071 22821 5521 3824 10451 3718 10666 814 55619 10507 23043 80709 79668 26999 197358 165631 6916 5579 113 81704 285513 23108 100506736 5729 10578 7294 118788 976 137835 4773 9516 5795 23225 10396 50515 123036 8514 11262 27303 139818 55809 56990 5305 5793 22837 51571 323 9750 288 10659 841 10186 7082 56479 2534 6867 64744 91526 5527 9910 440193 54847 23240 26034 1879 9263 6793 896 6925 5150 868 8476 4154 5332 472 23157 54941 6789 79940 1793 6660 23228 23037 10529 678 105378858 56288 8496 8527 2034 116984 5747 23328 9462 5796 7145 23543 6711 55075 1535 23001 23331 2185 8404 11030 91523 29121 374378 9938 11119 80760 5797 2035 64359 29799 9760 57674 3672 6272 6196 2113 83988 8470 93664 5922 221395 2059 10395 83857 8997 10787 4774 7168 85461 80003 463 10580 23635 351 117583 5583 2321 23048 7003 25937 54453 57496 85464 23024 23365 202 80790 11069 1956 3631 256435 800 26509 3643 89797 90627 375449 1075 2122 80014 10497 23232 79875 25966 4208 2776 26207 9882 64344 1500 343450 23112 54843 57101 23194 11213 8850 143458 862 80243 90632 57480 25924 5939 3669 3428 22905 7450 79817 51176 79993 201134 3075 50807 4163 23348 4781 166336 1602 9223 960 51776 3908 8611 27436 3480 2078 7456 63971 260425 5140 26031 7204 100874369 79890
T-cell-vascular	5788 8631 313 919 94120 55843 10788 10320 154075 100506403 84433 1794 2533 23533 4542 54331 149628 10225 81539 5588 3683 55784 3676 54518 22806 963 3702 81563 9595 64919 4603 26191 6653 3932 286530 321 100506776 387357 9402 133418 51411 399 6503 353345 80310 128611 3718 3936 89846 147138 814 401124 80342 752 256380 100528032 10417 84174 125488 10125 100130231 10451 22821 10507 4155 10666 23043 6775 5521 80709 4684 23108 64131 51348 9262 3824 864 79668 81704 285513 5579 26999 55619 123036 976 100506736 288 55809 56479 5795 26034 23240 139818 4773 23225 8514 10578 23157 7294 841 9516 9938 11262 56990 50515 5150 2185 8527 10396 1535 678 202 9750 9194 54941 440193 5305 64744 54847 80003 5527 51571 79745 960 472 84159 23228 91526 896 116984 91523 2534 84766 29799 29121 9263 26031 23370 27436 6789 868 9910 4644 10659 6793 83988 57674 143098 3631 5293 9760 54103 11119 55196 2035 84678 55615 284757 54843 26207 4154 4363 23048 11118 3937 285195 5140 25816 11186 6786 84166 952 8850 84959 51466 130589 7049 120 284996 25939 7456 116496 55729 59269 3428 79890 85464 57646 9138 596 56829 1729 113263 54796 2113 55020 9159 107987108 64167 64420 9881 256356 11177 9839 5873 51762 79888 5922 23181 50650 23112 5116 57583 55824 92106 639 5775 80162 51199 9500 83641 2081 30011 80790 9832 79071 22807 140688 961 7029 5142 92797 493 9679 4067 26051 54758 309 23214 3796 101928673 894 23175 57713 51347 59339 7040 22980 2186 3635 23200 23484 55690 6645 256021 79158 139716 80005 29969 4775 5295 10198 124188259 5165 5605 221895 9267 29123 8073 5908 728294 246175 4204 79720 22908 440270 57620 55133 55119 8473 6482 11214 57153 6574 374378 1786 57459 83605 9648 11146 79613 7046 10982 406
Trans-Endo-to-mural	151258 5592 79658 79789 51196 84251 8821 5159 1607 23500 783 143872 220441 5139 1756 100874369 2262 8622 4916 10231 5745 9628 1004 477 6573 55799 6641 395 1368 27115 4430 2913 596 10052 55532 5602 9934 4854 55691 6586 140876 10217 2918 6507 55243 50509 9037 54039 6909 3635 151742 800 8395 29119 57125 4131 57181 10085 1608 64759 1285 55824 10090 64094 558 100132891 1286 6575 7273 8825 9457 7222 220965 1909 80731 105 5137 9828 4629 57139 83716 10982 1600 116496 4045 59277 4139 55803 344558 2982 6546 54843 10335 5136 401190 25802 27145 55553 8736 10082 93649 2066 9472 59 63982 10395 11155 7223 8490 64409 8633 26508 23114 22979 257019 4776 84952 1282 6540 79739 55160 8654 50863 6581 79875 26030 4642 145820 171024 50859 6541 11281 4052 79839 220164 109 1496 654 64595 577 83643 7404 2977 3164 5787 54622 4091 253782 55740 114897 81704 10319 83869 11163 388815 657 27443 8218 9429 126374 5764 83872 4651 5293 6480 2022 182 101929095 80303 55604 4638 1292 2246 5243 541471 84168 10129 8140 7225 338596 9423 10060 1284 2321 256021 3745 287 54492 9420 85301 11141 6764 100526832 818 2550 111 10098 51705 9258 3679 54805 5334 149840 140733 8503 222553 4978 221935 401541 55313 4810 91133 3655 401474 55534 154661 11030 81794 10398 84159 5143 3909 22998 283383 11237 399959 5563 249 255631 25924 8495 7026 283659 6913 55068 4811 2894 2122 388336 57685 55022 1290 8829 9644 2313 5789 143686 29091 348645 64359 65983 51477 57194 3092 83988 2043 9839 100507459 6579 79611 100652748 202151 9580 100505555 6721 4919 25992 5358 7037 6876 781 161725 389524 337876 5362 1363 54567 5608 7169 80162 285671 55092 9487 23284 57493 22885 2812 140710 22925 4842 2650 28996 90102
Vascular-SMC	23037 4629 6586 221395 6196 201501 57480 2313 3075 5583 9628 9472 5139 57101 10529 6397 2122 7450 79993 4163 5787 152189 57514 5243 25924 54739 8503 22998 79875 5175 2534 2078 4862 115677 51162 6262 55604 153579 338596 9844 4739 83716 8395 5924 117248 79602 64123 51176 344558 9060 4162 124359 25802 10231 255488 3655 23348 5420 93664 84952 8496 83938 6546 949 8566 783 256435 4301 9882 3908 2321 154661 4855 51088 4052 11309 3983 93649 9429 85358 54453 8516 27185 4091 3635 256987 23263 57493 8140 57732 57572 9712 1608 9922 1837 11213 3455 130367 6103 221935 54873 6558 57608 221981 1780 54625 159195 5939 1756 90632 6513 51705 57381 2022 57181 11069 7010 5592 9079 54622 5136 79658 63027 25992 89797 4916 29119 23328 6711 6505 29780 114800 4249 401474 28231 306 5362 728577 6303 79742 23240 94240 5445 9732 57477 10098 7052 343450 2066 6925 7037 2043 2895 23180 6480 23294 5128 64327 55959 55160 89796 7122 23670 256949 144402 6541 4651 351 54438 6581 27147 51703 80243 8556 55917 1956 1356 246175 29091 116159 8837 5782 22979 5144 80014 1785 27246 5467 23613 2887 81575 23380 22856 79789 23327 6672 90 64097 26052 11155 59 9267 100874369 25759 64359 3133 9709 151258 92293 167465 1602 2317 4299 654 57706 2776 25937 8611 55930 9096 682 23657 57643 5359 23368 947 6595 9457 4306 220441 5530 7075 55553 7048 10044 140685 9414 109 10184 151742 171024 27145 3672 118 135112 51196 79739 23092 6507 131544 116496 9915 7003 3131 540 3164 102 348645 5797 598 3267 2530 3909 79633 3459 169792 91010 340485 7133 8502 1795 57460 160622 10085 23250 9444 55691 8821 5829 3551 10564 201134 124540 5552 5784 2687 23677 54462 196883 395 2034 55182 55799 25771 9510 2009 50807 55785
Vascular-SMC-LINC00486	83716 23240 4629 6586 463 9628 5592 6262 100874369 9472 5139 2321 10529 8496 23348 1756 201501 5583 5797 5243 4026 374378 2313 256435 6711 1795 57101 344558 7450 2122 23037 221395 6196 51176 28996 57480 79993 773 338596 57514 3075 4162 11156 5787 9882 783 79602 25924 8395 9510 6397 93649 2034 5420 2534 23648 9645 54453 3655 1282 27241 800 4739 124359 3778 5924 153579 4163 1284 5445 4306 8566 255488 4862 22936 221935 6925 9922 84952 54622 4301 57194 79875 22837 2078 117248 4091 8837 22998 6513 152189 85358 4855 351 64123 4249 220441 9712 54739 9429 3908 57496 285045 83938 109 8503 115677 949 105378858 54873 64327 4205 93664 5175 25802 55604 57181 256987 2895 3983 57608 154661 51088 51162 57706 8140 26207 3672 1889 23294 80243 23387 219771 57732 9060 11309 558 11030 23263 246175 3635 57493 11069 64097 7082 8476 130367 11213 306 55917 118 7010 29780 401474 9844 5784 5362 25992 9709 7048 29119 25937 3267 6541 26052 114800 682 2022 3459 80760 10098 54625 54438 23233 144402 7052 2887 7037 9444 57477 6103 92293 167465 25897 116159 9213 50807 221981 3455 23328 79742 2066 728577 5825 483 102 159195 55770 23345 947 2889 4179 29091 6909 6303 259230 57162 84159 55691 3685 540 23380 28231 23657 8847 140733 51705 6876 1176 348645 1780 10044 8556 6654 6558 5782 2009 81619 80014 1956 7003 6480 8459 3133 23216 57381 613037 79633 7171 63027 51703 131544 27185 3131 94240 9079 2778 84230 2043 8648 166336 54536 730094 55160 9337 63976 340485 6935 90 152137 5991 6505 54462 1602 10564 1356 79817 7122 8502 5166 2 343450 9732 55959 6581 4052 6595 135112 57088 84910 598 7804 27145 54715 3551 5939 757 4093 23677 9693 11343 2335 654 55422 9644 7075 23613
Venous	128553 10257 386617 10268 92521 80790 57556 80704 3566 51365 54796 79658 23263 151258 23670 2114 3570 6529 8809 169792 9267 6505 140803 4086 5159 57186 79789 5592 10135 80150 57655 8821 84251 1836 79742 6566 23500 6103 3459 56913 7052 1009 3554 3355 1362 4916 64409 51703 5175 8140 58494 9839 154043 51196 1767 10171 3455 4093 11309 55227 143872 57211 1607 160335 400550 117248 220441 8771 5321 55799 966 57477 3953 3572 2078 25825 7122 4781 5829 306 8829 7164 124359 5445 2313 57101 7450 1326 5139 51162 6573 477 8622 6641 1356 357 79772 1368 56034 6461 22856 4857 10964 5787 667 28231 25924 395 55532 79993 401145 9201 10231 6541 23114 3096 728577 5745 2262 84910 5467 10052 6507 5602 55959 1756 10346 9180 4651 596 9934 10501 3983 388815 153830 64123 9334 115677 3673 4854 54625 90632 57561 4301 9712 3717 54873 26052 7453 9124 3655 84879 783 2122 9414 2182 54221 4281 2913 3685 8503 83666 79875 2022 11320 5243 6303 8490 3899 7075 50650 3710 100505495 130367 9886 8412 144100 140876 5359 11170 55640 57493 10114 255488 50509 9173 57480 5334 80271 5420 84952 8502 5239 29780 59345 23250 23380 5638 3133 9639 221935 7525 7037 2887 843 5286 57514 54434 29091 143458 10098 114793 221981 100506736 3382 2280 81035 256435 55243 83857 144402 2918 800 9497 10402 10217 80760 7378 445815 8459 340706 124909494 126669 124976 744 6539 613037 6515 949 23368 5939 2308 9710 25925 57460 3428 54039 159195 1286 837 463 9915 3267 11275 64094 5371 10644 55064 64759 9452 9063 754 2355 152330 9882 1130 64798 4734 1285 80303 6764 26037 1634 55824 9766 51088 6197 50859 11213 64344 56261 9619 7010 57125 399959 91351 6482 54453 9732 51267 9060 2895
