sample_name,apoe_status,rs7412,rs429358
10_NP054_17,E3/E4,0/0,0/1
11_NP096_13,E3/E3,0/0,0/0
12_NP093_13,E3/E3,0/0,0/0
13_NP421_16,E3/E4,0/0,0/1
14_NP109_17,E3/E3,0/0,0/0
15_NP018_14,E3/E4,0/0,0/1
16_NP038_18,E3/E4,0/0,0/1
17_NP092_19,E3/E4,0/0,0/1
18_NP406_16,Unknown,0/1,0/1
19_NP127_14,E4/E4,0/0,1/1
1_NP163_13,E3/E4,0/0,0/1
20_NP080_15,E3/E3,0/0,0/0
21_NP163_13R,E3/E4,0/0,0/1
22_NP103_13R,E3/E3,0/0,0/0
23_NP160_13R,E3/E4,0/0,0/1
24_NP102_17R,E3/E3,0/0,0/0
2_NP103_13,E3/E3,0/0,0/0
3_NP160_13,E4/E4,0/0,1/1
5_NP024_17,E3/E3,0/0,0/0
6_NP048_19,E3/E3,0/0,0/0
7_NP090_17,E3/E3,0/0,0/0
8_NP011_14,E3/E3,0/0,0/0
9_NP408_16,E3/E3,0/0,0/0
